維修時間,維修單號,送修機台序號,次數,業者,車號,維修人員,送修原因,維修結果,備註
2022/1/10,P20220106002,DCCHS2022010601,1,雲林客運,,張育淮,(業者未寫),"更換WiFi模組
更換WiFi內天線
更換WiFi連接線",與BVCIB1210073配對燒機
2022/1/10,P20220106002,DCCHS2022010602,1,雲林客運,,張育淮,顯示找不到讀卡機無法刷卡,送修原因測試無異常,與BVCIB1210006配對燒機
2022/1/10,P20220106003,BVCIB1210073,2,嘉義客運,,張育淮,找不到CF卡,SOM板未裝好,
2022/1/10,P20220106003,BVCIB1210006,2,嘉義客運,,張育淮,螺絲掉了(不見了),補'螺絲鎖好,RJ45
2022/1/10,P20220106003,BVCIB1210094,2,嘉義客運,,張育淮,找不到CF卡,SOM板未裝好,
2022/1/10,P20220106003,BVCIB1210084,3,嘉義客運,,張育淮,無字幕,顯示異常，更換LCM,
2022/1/10,P20220106003,BVCIB1210135,3,嘉義客運,,張育淮,無法登出(數字跳很快),送修原因測試無異常,
2022/1/10,P20220106003,BVCIB1210117,2,嘉義客運,,張育淮,驗票機測試卡住,卡機KEYLOSS，更換卡機,RJ45
2022/1/10,P20220106003,DCCIB1210108,2,嘉義客運,,張育淮,背光忽明忽暗,顯示異常，更換LCM,與BVCIB1210094配對燒機
2022/1/10,P20220106005,BVCHS16C0028,1,捷順-桃園站,,張育淮,刷任何卡種都無語音,"1.放大器與機殼之間增加絕緣墊片
2.顯示異常，更換LCM",
2022/1/10,P20220106006,BVGOB2022010601,1,金牌客運,,張育淮,故障,送修原因測試無異常,
2022/1/10,P20220106006,BVGOB2020041401,2,金牌客運,,張育淮,無法刷卡,送修原因測試無異常,
2022/1/10,P20220106006,DCGOB20190603,2,金牌客運,,張育淮,(業者未寫),更換DC背蓋,與BVGOB2022010601配對燒機
2022/1/10,P20220106006,DCGOB2020012102,2,金牌客運,,張育淮,待維修,機內螺絲鬆脫,與BVGOB2020041401配對燒機
2022/1/10,P20220107001,BVKAM2021033102,1,葛瑪蘭客運,,張育淮,刷一卡通時好時壞,調整讀卡機感應度,
2022/1/10,P20220107001,BVKAM1440015,4,葛瑪蘭客運,,張育淮,(業者未寫),送修原因測試無異常,
2022/1/10,P20220107001,BVKAM202110280,1,葛瑪蘭客運,,張育淮,卡營收,送修原因測試無異常,
2022/1/10,P20220107002,BVMLB11A0095,1,苗栗客運,,張育淮,螢幕殼掉落,"1.螢幕殼重新黏好
2.卡機KEYLOSS，更換卡機",RJ45
2022/1/10,P20220107002,BVMLB11A0098,2,苗栗客運,,張育淮,悠遊卡不能刷,卡機KEYLOSS，更換卡機,
2022/1/10,P20220107002,BVMLB11A0076,5,苗栗客運,,張育淮,無語音.播報異常,"1.送修原因測試無異常
2.更換BV上蓋",
2022/1/10,P20220107002,BVMLB11A0012,2,苗栗客運,,張育淮,悠遊卡不能刷,卡機KEYLOSS，更換卡機,
2022/1/10,P20220107002,BVMLB11A0006,1,苗栗客運,,張育淮,無法定位.全程手動,送修原因測試無異常,
2022/1/10,P20220107002,BVMLB11A0081,2,苗栗客運,,張育淮,無法定位,送修原因測試無異常,
2022/1/10,P20220107002,BVMLB11A0015,3,苗栗客運,,張育淮,悠遊卡不能刷.無法定位,送修原因測試無異常,
2022/1/10,P20220107002,BVMLB11A0123,2,苗栗客運,,張育淮,啞巴機,送修原因測試無異常,
2022/1/10,P20220107002,BVMLB11A0073,3,苗栗客運,,張育淮,定位時好時壞,"1.送修原因測試無異常
2.更換BV上蓋",
2022/1/10,P20220107002,BVMLB11A0062,2,苗栗客運,,張育淮,所有卡種無法刷,"1.送修原因測試無異常
2.鎖點脫落，更換BV上蓋",
2022/1/10,P20220107002,BVMLB11A0010,3,苗栗客運,,張育淮,悠遊卡不能刷,卡機KEYLOSS，更換卡機,
2022/1/10,P20220107002,DCMLB11A0099,1,苗栗客運,,張育淮,無法定位,送修原因測試無異常,與BVHCB11B0341配對燒機
2022/1/10,P20220107002,DCMLB11A0049,1,苗栗客運,,張育淮,螢幕無畫面/螢幕過暗,"顯示異常，更換LCM
更換DC上蓋",與BVMLB11A0095配對燒機
2022/1/10,P20220107002,DCMLB11A0002,1,苗栗客運,,張育淮,無法定位,送修原因測試無異常,與BVMLB11A0098配對燒機
2022/1/10,P20220107002,DCMLB2021032201,1,苗栗客運,,張育淮,無法定位.全程手動,送修原因測試無異常,與BVMLB11A0076配對燒機
2022/1/10,P20220110002,BVHCB11B0341,3,新竹客運-關西,,張育淮,刷卡會當機,送修原因測試無異常,RJ45
2022/1/13,P20220111001,BVCIB1210077,1,嘉義客運,,張育淮,卡在驗票機測試,"1.卡機KEYLOSS，更換卡機
2.更換RTC電池",
2022/1/13,P20220111001,BVCIB1210101,4,嘉義客運,,張育淮,無法啟動,送修原因測試無異常,
2022/1/13,P20220111001,BVCIB1210111,1,嘉義客運,,張育淮,系統時間異常(電池沒電),"1.更換RTC電池
2.卡機升級成二代卡機",RJ45
2022/1/13,P20220111001,BVCIB1210068,1,嘉義客運,,張育淮,找不到讀卡機(裡面有資料幫忙登出),卡機KEYLOSS，更換卡機,
2022/1/13,P20220111001,BVCIB20190328,5,嘉義客運,,張育淮,讀卡機無法使用,"1.送修原因測試無異常
2.更換RTC電池",
2022/1/13,P20220111001,DCCIB1210083,2,嘉義客運,,張育淮,字幕故障,送修原因測試無異常,與BVCIB1210077配對燒機
2022/1/13,P20220112001,DCHCB11B0188,1,新竹客運-竹東,,張育淮,(業者未寫),更換DC上蓋,與BVCIB1210101配對燒機
2022/1/13,P20220112001,DCHCB12A0005,1,新竹客運-竹東,,張育淮,無法傳輸,更換DC USB板,與BVCIB1210111配對燒機
2022/1/13,P20220112002,BVHCB11B0077,1,新竹客運-牛埔,,張育淮,很難傳輸,送修原因測試無異常,
2022/1/13,P20220112002,BVHCB12A0011,1,新竹客運-牛埔,,張育淮,刷卡時有時無,調整讀卡機感應度,
2022/1/13,P20220112002,DCHCB11B0221,2,新竹客運-牛埔,,張育淮,無法開機,送修原因測試無異常,與BVCIB1210068配對燒機
2022/1/13,P20220112002,DCHCB11B0023,1,新竹客運-牛埔,,張育淮,時間差幾分.無法校正,更換DC USB板,與BVCIB20190328配對燒機
2022/1/13,P20220113001,BVYSM1310016,1,科技之星,,張育淮,悠遊卡接收有問題,卡機KEYLOSS，更換卡機,
2022/1/13,P20220113001,DCYSM2020111601,1,科技之星,,張育淮,(業者未寫),送修原因測試無異常,與BVHCB11B0077配對燒機
2022/1/13,P20220113001,DCYSM1310008,1,科技之星,,張育淮,(業者未寫),更換DC上蓋,與BVYSM1310016配對燒機
2022/1/22,P20220119001,BVUBS1570145,1,雲林客運,,張育淮,無法刷卡,更換SOM板,
2022/1/22,P20220120002,BVHCB11B0021,3,新竹客運-中壢,,張育淮,卡片無感應,卡機KEYLOSS，更換卡機,
2022/1/22,P20220120002,BVHCB12A0015,1,新竹客運-中壢,,張育淮,無法定位,送修原因測試無異常,
2022/1/22,P20220120002,BVHCB11B0149,1,新竹客運-中壢,,張育淮,連線反應慢,送修原因測試無異常,
2022/1/22,P20220120003,BVHCB11B0344,1,新竹客運-楊梅,,張育淮,(業者未寫),送修原因測試無異常,
2022/1/22,P20220120003,DCHCB11B0129,1,新竹客運-楊梅,,張育淮,(業者未寫),送修原因測試無異常,與BVGSF2021081901配對燒機
2022/1/22,P20220120003,DCHCB11B0270,1,新竹客運-楊梅,,張育淮,無法定位,送修原因測試無異常,與BVORB1320008配對燒機
2022/1/22,P20220121002,BVGSF2021081901,2,干城衛星車隊,,張育淮,(業者未寫),SOM板未裝好,
2022/1/22,P20220121003,BVORB1320008,3,亞通客運,,張育淮,刷卡異常.悠遊卡NG,卡機KEYLOSS，更換卡機,
2022/1/22,P20220121003,BVORB1350021,1,亞通客運,,張育淮,刷卡異常.悠遊卡NG,卡機KEYLOSS，更換卡機,
2022/1/22,P20220121004,DCHTT16A0020,1,豪泰客運,,張育淮,確認鍵不好按,"1.送修原因測試無異常
2.更換DC背蓋
3.更換DC電源線",與BVUBS1570145配對燒機
2022/1/22,P20220121006,BVCHS16C0017,1,捷順-都會南站,,張育淮,時不時無法刷卡,送修原因測試無異常,
2022/1/22,P20220121006,BVCHS1630015,1,捷順-都會南站,,張育淮,只能刷一卡通,卡機KEYLOSS，更換卡機,
2022/1/22,P20220121007,BVCHS2021032401,1,捷順-豐原東站,,張育淮,刷卡不說話,C板語音線斷.重焊即正常,
2022/1/22,P20220121008,BVHCB11B0190,2,新竹客運-苗栗保養場,,張育淮,定位不良.悠遊卡不能刷,卡機KEYLOSS，更換卡機,
2022/1/22,P20220121008,BVHCB11B0042,1,新竹客運-苗栗保養場,,張育淮,卡片感應不良,調整讀卡機感應度,
2022/1/22,P20220121008,DCHCB11B0178,1,新竹客運-苗栗保養場,,張育淮,定位不良,送修原因測試無異常,與BVORB1350021配對燒機
2022/1/22,P20220121008,DCHCB11B0117,2,新竹客運-苗栗保養場,,張育淮,無字天書,"1.顯示異常，更換LCM
2.更換DC上蓋",與BVCHS16C0017配對燒機
2022/1/22,P20220121009,DCHCB11B0090,2,新竹客運-牛埔,,張育淮,GPS閉鎖,送修原因測試無異常,與BVHCB11B0021配對燒機
2022/1/27,P20220126001,BVHCB11B0104,2,新竹客運-牛埔,,張育淮,悠遊卡不能刷卡,卡機KEYLOSS，更換卡機,
2022/1/27,P20220126002,BVMLB11A0027,1,苗栗客運,,張育淮,任何卡不能刷,"1.卡機KEYLOSS，更換卡機
2.顯示異常，更換LCM",
2022/1/27,P20220126002,BVMLB11A0116,3,苗栗客運,,張育淮,無電源反映,送修原因測試無異常,RJ45
2022/1/27,P20220126002,BVMLB11A0025,3,苗栗客運,,張育淮,無螢幕.悠遊卡不能刷,"1.卡機KEYLOSS，更換卡機
2.顯示異常，更換LCM",RJ45
2022/1/27,P20220126002,BVMLB11A0074,1,苗栗客運,,張育淮,螢幕過暗,顯示異常，更換LCM,RJ45
2022/1/27,P20220126002,BVMLB11A0069,1,苗栗客運,,張育淮,敬老愛心卡.悠遊卡無法刷,卡機KEYLOSS，更換卡機,RJ45
2022/1/27,P20220126002,BVMLB11A0135,1,苗栗客運,,張育淮,無法定位.時好時壞,"1.送修原因測試無異常
2.顯示異常，更換LCM",
2022/1/27,P20220126002,DCMLB11A0031,2,苗栗客運,,張育淮,無法定位,"1.更換GPS板
2.顯示異常，更換LCM",與BVMLB11A0027配對燒機
2022/1/27,P20220126002,DCMLB11A0003,1,苗栗客運,,張育淮,開機顯示需輸入年月日時間,"1.送修原因測試無異常
2.更換USB板",與BVMLB11A0116配對燒機
2022/1/27,P20220126002,DCMLB11A0037,2,苗栗客運,,張育淮,終端機更新後老人卡不能刷,"1.送修原因測試無異常
2.更換DC上蓋
3.更換DC下蓋",與BVMLB11A0025配對燒機
2022/1/27,P20220126002,DCMLB11A0100,1,苗栗客運,,張育淮,無法定位,"1.送修原因測試無異常
2.更換USB板",與BVMLB11A0074配對燒機
2022/1/27,P20220126002,DCMLB11A0007,1,苗栗客運,,張育淮,面板壞掉,"1.顯示異常，更換LCM
2.鎖點斷，更換DC上蓋",與BVMLB11A0069配對燒機
2022/1/27,P20220126002,DCMLB2021061601,2,苗栗客運,,張育淮,日期不正確,送修原因測試無異常,與BVMLB11A0135配對燒機
2022/2/11,P20220209001,BVCIB1210105,1,嘉義客運,,張育淮,字幕太暗,"1.顯示異常，更換LCM
2.鎖點斷，更換BV上蓋
3.更換RTC電池",
2022/2/11,P20220209001,BVCIB1210103,2,嘉義客運,,張育淮,悠遊卡無法刷,"1.卡機KEYLOSS，更換卡機
2.更換RTC電池",RJ45
2022/2/11,P20220209001,BVCIB1210135,3,嘉義客運,,張育淮,卡在驗票機測試.資料未登出,卡機KEYLOSS，更換卡機,
2022/2/11,P20220209001,BVCIB1210140,4,嘉義客運,,張育淮,卡在讀卡機測試,"1.卡機KEYLOSS，更換卡機
2.更換RTC電池",RJ45
2022/2/11,P20220209001,DCCIB20190627,2,嘉義客運,,張育淮,無法登出,更換DC主板,與BVCIB1210105配對燒機
2022/2/11,P20220210002,BVCHS1630001,1,捷順-都會南站,,張育淮,(業者未寫),螢幕塑膠片重新黏貼,
2022/2/11,P20220210002,BVCHS1630020,1,捷順-都會南站,,張育淮,故障,送修原因測試無異常,
2022/2/11,P20220210002,DCCHS1630004,2,捷順-都會南站,,張育淮,日期時間異常,送修原因測試無異常,與BVCHS1630001配對燒機
2022/2/11,P20220210004,BVHCB12A0007,2,新竹客運-牛埔,,張育淮,聲音太小,C板語音線斷.重焊即正常,
2022/2/11,P20220210004,BVHCB11B0154,2,新竹客運-牛埔,,張育淮,定位3之後會變0,送修原因測試無異常,
2022/2/11,P20220210004,BVHCB2019051012,1,新竹客運-牛埔,,張育淮,無聲音,C板語音線斷.重焊即正常,
2022/2/11,P20220210004,DCHCB1610002,1,新竹客運-牛埔,,張育淮,開機緩慢,送修原因測試無異常,與BVHCB12A0007配對燒機
2022/2/11,P20220210004,DCHCB11B0131,2,新竹客運-牛埔,,張育淮,GPS閉鎖,送修原因測試無異常,與BVHCB11B0154配對燒機
2022/2/11,P20220210005,BVGOB2022021001,1,金牌客運,,張育淮,KEYLOSS,卡機KEYLOSS，更換卡機,
2022/2/11,P20220210005,DCGOB2020041402,1,金牌客運,,張育淮,螢幕黑,顯示異常，更換LCM,與BVGOB2022021001配對燒機
2022/2/11,P20220210007,BVMLB11A0078,1,苗栗客運,,張育淮,代幣.悠遊卡不能刷.聲音很小,"1.調整讀卡機感應度
2.調整放大器音量大小",
2022/2/11,P20220210007,BVMLB11A0119,2,苗栗客運,,張育淮,所有卡無法刷,卡機KEYLOSS，更換卡機,
2022/2/11,P20220210007,DCMLB11A0022,1,苗栗客運,,張育淮,螢幕會變黑,"1.送修原因測試無異常
2.更換DC上蓋",與BVMLB11A0078配對燒機
2022/2/16,P20220214001,DCKAM1440021,3,葛瑪蘭客運,,張育淮,(業者未寫),顯示異常，更換LCM,與BVGSF2021081901配對燒機
2022/2/16,P20220214001,DCKAM1440016,2,葛瑪蘭客運,,張育淮,鍵盤short．時常無反應,送修原因測試無異常,與BVORB11A0001配對燒機
2022/2/16,P20220214001,DCKAM20200325,2,葛瑪蘭客運,,張育淮,天線故障,天線螺帽鬆脫，重新鎖緊,與BVORB2021032402配對燒機
2022/2/16,P20220214002,BVORB11A0001,2,亞通客運,,張育淮,語音卡ＮＧ異高頻音,"1.送修原因測試無異常
2.顯示異常，更換LCM",
2022/2/16,P20220214002,BVORB2021032402,1,亞通客運,,張育淮,語音卡異常,語音聲小，更換放大器,
2022/2/16,P20220215001,BVGSF2021081901,2,干城衛星車隊,,張育淮,(業者未寫),送修原因測試無異常,
2022/2/25,P20220222001,BVCIB1210110,2,嘉義客運,,張育淮,會出現找不到讀卡機,送修原因測試無異常,
2022/2/25,P20220222001,BVCIB1210134,3,嘉義客運,,張育淮,無法啟動(裡面有資料未上傳),送修原因測試無異常,
2022/2/25,P20220222001,BVCIB1210040,1,嘉義客運,,張育淮,卡在讀卡機啟動中(找不到讀卡機),C板讀卡機對地電晶體損壞,
2022/2/25,P20220222001,BVCIB1210148,4,嘉義客運,,張育淮,愛金卡無法刷.一卡通.悠遊卡特殊造型卡無法刷,調整讀卡機感應度,
2022/2/25,P20220222001,DCCIB1210016,1,嘉義客運,,張育淮,字幕太暗,顯示異常，更換LCM,與BVCIB1210110配對燒機
2022/2/25,P20220223003,BVHCB14B0026,3,新竹客運-關西,,張育淮,不會報語音,送修原因測試無異常，預防性加上C板語音線,
2022/2/25,P20220223004,BVORB1350001,1,亞通客運,,張育淮,無法啟動.找不到讀卡機,更換C板讀卡機訊號線,
2022/2/25,P20220223005,BVKAM1440005,3,葛瑪蘭客運,,張育淮,傳輸一直失敗.無語音,"1.傳輸失敗測試無異常
2.語音異常，更換C板",
2022/2/25,P20220223005,BVKAM1440015,4,葛瑪蘭客運,,張育淮,無法改車號,送修原因測試無異常,
2022/2/25,P20220223005,BVKAM1440001,4,葛瑪蘭客運,,張育淮,時間異常1970年,更換RTC電池,
2022/2/25,P20220223006,BVFFC14B0029,1,汎航通運,,張育淮,營收結清很難上傳,送修原因測試無異常,
2022/2/25,P20220223006,BVFFC14B0061,1,汎航通運,,張育淮,(業者未寫),卡機KEYLOSS，更換卡機,
2022/2/25,P20220223006,BVFFC14B0013,2,汎航通運,,張育淮,(業者未寫),更換RTC電池,
2022/2/25,P20220223006,BVFFC14B0030,1,汎航通運,,張育淮,(業者未寫),更換RTC電池,
2022/2/25,P20220223006,BVFFC14B0056,1,汎航通運,,張育淮,故障,"1.送修原因測試無異常
2.更換RTC電池",
2022/2/25,P20220223006,BVFFC14B0059,2,汎航通運,,張育淮,(業者未寫),送修原因測試無異常,
2022/2/25,P20220224002,BVHCB11B0191,2,新竹客運-苗栗保養場,,張育淮,不會定位,送修原因測試無異常,
2022/2/25,P20220224003,BVCHS1630019,1,捷順-都會南站,,張育淮,後機卡片無法刷,卡機KEYLOSS，更換卡機,
2022/2/25,P20220224003,DCCHS1630012,2,捷順-都會南站,,張育淮,按鍵不能按,按鍵異常，更換DC上蓋,與BVCHS1630019配對燒機
2022/2/25,P20220224003,DCCHS16C0006,1,捷順-都會南站,,張育淮,按鍵壞,按鍵異常，更換DC上蓋,與BVORB1350001配對燒機
2022/3/10,P20220303001,BVYSM2022010603,1,科技之星,,張育淮,悠遊卡無法讀取,卡機KEYLOSS，更換卡機,
2022/3/10,P20220303001,DCYSM2020081110 ,1,科技之星,,張育淮,按鍵故障.無法輸入,"1.按鍵異常，更換DC上蓋
2.鎖點斷裂，更換DC下蓋",與BVYSM2022010603配對燒機
2022/3/7,P20220307001,BVHTT2020102003,1,豪泰客運,,張育淮,(業者未寫),卡機KEYLOSS，更換卡機,
2022/3/10,P20220308003,BVCHS1680013,2,捷順-都會南站,,張育淮,無法刷卡,送修原因測試無異常,RJ45
2022/3/10,P20220308003,DCCHS1630011,2,捷順-都會南站,,張育淮,故障,按鍵異常，更換DC上蓋,與BVCHS1680013配對燒機
2022/3/10,P20220308003,DCCHS2022030801,1,捷順-都會南站,,張育淮,數字按鍵無法按,按鍵異常，更換DC上蓋,與BVCHS16C0027配對燒機
2022/3/10,P20220309001,BVHTT16A0035,1,豪泰客運,,張育淮,一卡通不能刷,送修原因測試無異常,
2022/3/10,P20220309003,BVCHS16C0027,1,捷順-桃園站,,張育淮,無法刷卡,卡機KEYLOSS，更換卡機,
2022/3/10,P20220309004,BVMLB2021032201,2,苗栗客運,,張育淮,無法傳輸.資料未上傳,送修原因測試無異常,
2022/3/10,P20220309004,BVMLB11A0080,2,苗栗客運,,張育淮,悠遊有時可有時不可,"1.送修原因測試無異常
2.鎖點斷裂，更換BV上蓋",與BVMLB11A0128交換卡機
2022/3/10,P20220309004,BVMLB11A0102,2,苗栗客運,,張育淮,悠遊卡不能刷,"1.送修原因測試無異常
2.鎖點斷裂，更換BV上蓋",
2022/3/10,P20220309004,BVMLB11A0019,1,苗栗客運,,張育淮,悠遊卡不能刷.老人卡不能刷,卡機KEYLOSS，更換卡機,
2022/3/10,P20220309004,BVMLB11A0059,3,苗栗客運,,張育淮,悠遊不能刷,卡機KEYLOSS，更換卡機,
2022/3/10,P20220309004,BVMLB11A0128,4,苗栗客運,,張育淮,"重開重安裝多次.無法正常開機.
開機後刷卡特許上車先扣20元.未多久一樣這個畫面",送修原因測試無異常,與BVMLB11A0080交換卡機
2022/3/10,P20220309004,BVMLB11A0100,2,苗栗客運,,張育淮,有時上車可以刷卡.有時故障不能用,送修原因測試無異常,與BVMLB11A0091交換卡機
2022/3/10,P20220309004,BVMLB11A0091,1,苗栗客運,,張育淮,螢幕字跡模糊,"1.顯示異常，更換LCM
2.卡機KEYLOSS，更換卡機",與BVMLB11A0100交換卡機
2022/3/10,P20220309004,DCMLB11A0091,2,苗栗客運,,張育淮,螢幕太暗,"1.顯示異常，更換LCM
2.鎖點斷裂，更換DC上蓋",與BVMLB11A0080配對燒機
2022/3/10,P20220309004,DCMLB11A0044,1,苗栗客運,,張育淮,無法定位,送修原因測試無異常,與BVMLB11A0102配對燒機
2022/3/10,P20220309004,DCMLB11A0028,1,苗栗客運,,張育淮,螢幕無畫面.螢幕過暗,顯示異常，更換LCM,與BVMLB11A0128配對燒機
2022/3/10,P20220309004,DCMLB11A0013,2,苗栗客運,,張育淮,無法傳輸結帳,"1.傳輸異常，更換WiFi板
2.線材斷裂，更換WiFi內天線",與BVMLB11A0100配對燒機
2022/3/10,P20220309005,BVGOB20200217,2,金牌客運,,張育淮,無法定位傳輸,送修原因測試無異常,
2022/3/10,P20220309005,DCGOB15B0013,1,金牌客運,,張育淮,無法傳輸,送修原因測試無異常,與BVGOB20200217配對燒機
2022/3/10,P20220309006,BVHCB11B0350,1,新竹客運-竹東,,張育淮,啞巴,C板語音線斷.重焊語音即正常,
2022/3/10,P20220309006,BVHCB1340003,2,新竹客運-竹東,,張育淮,無聲音閉鎖,C板語音線斷.重焊語音即正常,
2022/3/10,P20220309006,BVHCB11B0109,2,新竹客運-竹東,,張育淮,啞巴,喇叭異常，更換喇叭,
2022/3/10,P20220309006,DCHCB11B0249,1,新竹客運-竹東,,張育淮,(業者未寫),"1.顯示異常，更換LCM
2.鎖點斷裂，更換DC上蓋",與BVHCB11B0350配對燒機
2022/3/10,P20220309006,DCHCB2020032503,1,新竹客運-竹東,,張育淮,無法傳輸,送修原因測試無異常,與BVHCB1340003配對燒機
2022/3/10,P20220309006,DCHCB1610012,2,新竹客運-竹東,,張育淮,無法傳輸,送修原因測試無異常,與BVHCB11B0109配對燒機
2022/3/10,P20220309006,DCHCB20210610,1,新竹客運-竹東,,張育淮,按鍵問題故障,按鍵異常，更換DC上蓋,與BVHCB1550015配對燒機
2022/3/10,P20220309007,BVHCB1550015,1,新竹客運-牛埔,,張育淮,上車可刷.下車不可刷,送修原因測試無異常,
2022/3/10,P20220309007,BVHCB14B0021,2,新竹客運-牛埔,,張育淮,一卡通不能刷,送修原因測試無異常,
2022/3/10,P20220309007,BVHCB14B0001,2,新竹客運-牛埔,,張育淮,悠遊卡無法刷,卡機KEYLOSS，更換卡機,
2022/3/10,P20220309007,BVHCB11B0008,2,新竹客運-牛埔,,張育淮,無法刷卡,"1.送修原因測試無異常
2.顯示異常，更換LCM",
2022/3/10,P20220309007,DCHCB11B0209,2,新竹客運-牛埔,,張育淮,無法定位,送修原因測試無異常,與BVHCB14B0021配對燒機
2022/3/10,P20220309007,DCHCB11B0013,1,新竹客運-牛埔,,張育淮,(業者未寫),按鍵異常，更換DC上蓋,與BVHCB14B0001配對燒機
2022/3/10,P20220309007,DCHCB11B0287,1,新竹客運-牛埔,,張育淮,螢幕亮度不足,顯示異常，更換LCM,與BVHCB11B0008配對燒機
2022/3/10,P20220309007,DCHCB11B0255,1,新竹客運-牛埔,,張育淮,螢幕字體不清楚,調整螢幕亮度,與BVMLB2021032201配對燒機
2022/3/10,P20220309007,DCHCB11B0113,1,新竹客運-牛埔,,張育淮,進水故障,按鍵異常，更換DC上蓋,與BVMLB11A0019配對燒機
2022/3/10,P20220309007,DCHCB13A0004,2,新竹客運-牛埔,,張育淮,亮度不足,"1.顯示異常，更換LCM
2.WiFi異常，更換DC-USB板",與BVMLB11A0059配對燒機
2022/3/10,P20220309008,DCHTT16A0049,1,豪泰客運,,張育淮,(業者未寫),送修原因測試無異常,與BVHTT16A0035配對燒機
2022/3/18,P20220316001,BVCIB1210015,3,嘉義客運,,張育淮,無法登出，數字跳的速度正常,送修原因測試無異常,
2022/3/18,P20220316001,BVCIB20190328,5,嘉義客運,,張育淮,找不到CF卡,開機會重啟，更換C板,
2022/3/18,P20220316001,BVCIB20190307,3,嘉義客運,,張育淮,"經常性出現找不到讀卡機
GPS會出現閉鎖",送修原因測試無異常,
2022/3/18,P20220316001,BVCIB1210059,2,嘉義客運,,張育淮,保險絲沒斷.但無法啟動,"1.P板支架沒鎖好，造成電源IC針腳斷，重焊正常
2.顯示異常，更換LCM
3.更換RTC電池",
2022/3/18,P20220316001,BVCIB1210116,1,嘉義客運,,張育淮,GPS閉鎖,"1.送修原因測試無異常
2.更換RTC電池",
2022/3/18,P20220316001,BVCIB1210144,2,嘉義客運,,張育淮,語音太小聲,"1.C板語音線斷.重焊語音即正常
2.更換RTC電池",
2022/3/18,P20220316001,DCCIB1210095,1,嘉義客運,,張育淮,字幕太暗,顯示異常，更換LCM,與BVCIB1210015配對燒機
2022/3/18,P20220316004,BVGOB1310013,2,金牌客運,,張育淮,(業者未寫),電源12V異常，更換24V轉12V IC,
2022/3/18,P20220316004,DCGOB1310005,1,金牌客運,,張育淮,無法定位.開機,"1.內部清潔後正常
2.顯示異常，更換LCM
3.鎖點斷裂，更換DC後蓋",與BVGOB1310013配對燒機
2022/3/18,P20220316005,BVHCB11B0165,1,新竹客運-中壢,,張育淮,無字幕,顯示異常，更換LCM,
2022/3/18,P20220316005,BVHCB11B0013,3,新竹客運-中壢,,張育淮,無語音,語音異常，更換喇叭,
2022/3/18,P20220316005,BVHCB11B0037,2,新竹客運-中壢,,張育淮,有時卡片無法刷讀,調整讀卡機感應度,
2022/3/18,P20220316006,BVFFC14B0039,2,汎航通運,,張育淮,(業者未寫),送修原因測試無異常,
2022/3/18,P20220316006,BVFFC14B0008,2,汎航通運,,張育淮,無字幕,送修原因測試無異常,
2022/3/18,P20220316006,BVFFC14B0002,1,汎航通運,,張育淮,刷卡上下車沒聲音,內部重新調整，測試無異常,
2022/3/18,P20220316007,BVKAM1440030,3,葛瑪蘭客運,,張育淮,卡二月營收,送修原因測試無異常,
2022/3/18,P20220316007,BVKMA1440001,1,葛瑪蘭客運,,張育淮,卡二月營收,送修原因測試無異常,
2022/3/24,P20220322002,BVCHS2021012602,1,捷順-桃園站,,張育淮,(業者未寫),送修原因測試無異常,
2022/3/24,P20220322003,BVKAM1440014,2,葛瑪蘭客運,,張育淮,日期時間會不見要重設,更換RTC電池,
2022/3/24,P20220322004,BVORB2021032404,1,亞通客運,,張育淮,語音卡異常.有雜音,C板語音線斷.重焊語音即正常,
2022/3/24,P20220322004,BVORB1350025,1,亞通客運,,張育淮,找不到讀卡機,"1.送修原因測試無異常
2.鎖點斷裂，更換BV上蓋",
2022/3/24,P20220322004,DCORB11A0019,1,亞通客運,,張育淮,螢幕淡化,顯示異常，更換LCM,與BVORB2021032404配對燒機
2022/3/24,P20220322004,DCORB1350019,3,亞通客運,,張育淮,營收上傳NG,送修原因測試無異常,與BVORB1350025配對燒機
2022/3/25,P20220325001,DCYSM2022010602,1,科技之星,,張育淮,無螢幕畫面.白機一直待機,送修原因測試無異常,
2022/3/31,P20220329001,BVMLB11A0116,3,苗栗客運,,張育淮,無電源反應,更換Power板降壓IC,
2022/3/31,P20220329001,BVMLB11A0033,1,苗栗客運,,張育淮,無法定位,送修原因測試無異常,
2022/3/31,P20220329001,BVMLB2021032202,1,苗栗客運,,張育淮,無法定位,送修原因測試無異常,
2022/3/31,P20220329001,BVMLB11A0109,1,苗栗客運,,張育淮,讀卡機無法使用(讀卡機啟動中),更換Reader排線,
2022/3/31,P20220329001,BVMLB11A0077,2,苗栗客運,,張育淮,螢幕過暗,"1.送修原因測試無異常
2.鎖點斷裂，更換BV上蓋",
2022/3/31,P20220329001,BVMLB11A0039,2,苗栗客運,,張育淮,螢幕無畫面,顯示異常，更換LCM,
2022/3/31,P20220329001,BVMLB11A0021,2,苗栗客運,,張育淮,音量太小聲,"1.內部重新調整，測試無異常
2.顯示異常，更換LCM",
2022/3/31,P20220329001,BVMLB11A0017,1,苗栗客運,,張育淮,無法定位,送修原因測試無異常,
2022/3/31,P20220329001,DCMLB11A0117,1,苗栗客運,,張育淮,持手電筒照射才看的見,"1.顯示異常，更換LCM
2.線材損壞，更換WiFi內天線",與BVMLB11A0116配對燒機
2022/3/31,P20220329001,DCMLB11A0045,2,苗栗客運,,張育淮,無法定位,送修原因測試無異常,與BVMLB11A0033配對燒機
2022/4/8,P20220406001,BVHCB11B0310,1,新竹客運,,張育淮,無法刷卡、悠遊卡,卡機KEYLOSS，更換卡機,
2022/4/8,P20220406002,BVHCB14B0035,1,新竹客運-楊梅,,張育淮,傳輸不良,送修原因測試無異常,
2022/4/8,P20220406002,BVHCB11B0101,2,新竹客運-楊梅,,張育淮,刷卡不良,"1.送修原因測試無異常
2.鎖點斷裂，更換BV上蓋",
2022/4/8,P20220406002,BVHCB11B0293,1,新竹客運-楊梅,,張育淮,不能刷卡,調整讀卡機感應度,
2022/4/8,P20220406002,DCHCB11B0112,1,新竹客運-楊梅,,張育淮,外殼破裂.未定位,"1.鎖點斷裂，更換DC上蓋
2.定位異常，更換GPS模組",
2022/4/8,P20220406002,DCHCB11B0070,1,新竹客運-楊梅,,張育淮,無螢幕,顯示異常，更換LCM,與BVHCB14B0035配對燒機
2022/4/8,P20220406003,DCHCB11B0066,1,新竹客運-中壢,,張育淮,確認鍵不能按,送修原因測試無異常,與BVHCB11B0021配對燒機
2022/4/8,P20220406004,BVHCB11B0021,3,新竹客運-牛埔,,張育淮,不能刷卡,卡機KEYLOSS，更換卡機,
2022/4/8,P20220406004,BVHCB11B0164,2,新竹客運-牛埔,,張育淮,"刷悠遊卡一直跳成""悠遊轉程""","1.送修原因測試無異常
2.顯示異常，更換LCM",
2022/4/8,P20220406004,BVHCB11B0236,1,新竹客運-牛埔,,張育淮,無電源，內有營收,送修原因測試無異常,
2022/4/8,P20220406004,BVHCB11B0351,2,新竹客運-牛埔,,張育淮,讀取不到刷卡機,C板讀卡機的RS232通訊trace斷線，重新補線,
2022/4/8,P20220406004,BVHCB14B0015,1,新竹客運-牛埔,,張育淮,刷卡機內部鬆動有異音,螺絲鬆脫，內部重新調整,
2022/4/8,P20220406004,BVHCB1550002,1,新竹客運-牛埔,,張育淮,無法定位,送修原因測試無異常,BVHCB11B0351的有問題卡機裝到這台
2022/4/8,P20220406004,DCHCB11B0130,1,新竹客運-牛埔,,張育淮,(業者未寫),送修原因測試無異常,與BVHCB11B0293配對燒機
2022/4/8,P20220406004,DCHCB14B0019,1,新竹客運-牛埔,,張育淮,按鍵,按鍵異常，更換DC上蓋,與BVHCB11B0101配對燒機
2022/4/11,P20220408001,BVCIB1210152,1,嘉義客運,,張育淮,無語音,"1.喇叭破損、更換喇叭
2.更換RTC電池",
2022/4/11,P20220408001,BVCIB1210024,1,嘉義客運,,張育淮,字幕太暗,"1.顯示異常，更換LCM
2.更換RTC電池",
2022/4/11,P20220408001,BVCIB1210047,3,嘉義客運,,張育淮,GPS閉鎖(經常性),"1.送修原因測試無異常
2.顯示異常，更換LCM",
2022/4/11,P20220408001,BVCIB1210142,2,嘉義客運,,張育淮,找不到CF卡.GPS閉鎖,"1.CF無法讀取，更換CF卡
2.GPS測試無異常",
2022/4/11,P20220408001,DCCIB1210012,1,嘉義客運,,張育淮,背蓋螺絲孔斷裂,鎖點斷裂，更換DC下蓋,
2022/4/13,P20220411001,BVYSM2019102102,3,科技之星,,張育淮,螢幕非常暗.乘客看不清楚,顯示異常，更換LCM,
2022/4/13,P20220412001,BVORB1320001,3,亞通客運,,張育淮,偶發性無法刷卡,C板讀卡機的RS232通訊trace斷線，重新補線,
2022/4/13,P20220412001,DCORB20210706,2,亞通客運,,張育淮,按鍵失效無反應,按鍵異常，更換DC上蓋,與BVYSM2019102102配對燒機
2022/4/13,P20220412001,DCORB11A0020,1,亞通客運,,張育淮,按鍵反應異常,按鍵異常，更換DC上蓋,與BVORB1320001配對燒機
2022/4/13,P20220412001,DCORB2022041201,1,亞通客運,,張育淮,按鍵失效無反應,按鍵異常，更換DC上蓋,與BVFFC14B0006配對燒機
2022/4/13,P20220412003,BVFFC14B0006,2,汎航通運,,張育淮,營收無法上傳,送修原因測試無異常,
2022/4/13,P20220412003,BVFFC14B0060,2,汎航通運,,張育淮,(業者未寫),送修原因測試無異常,
2022/4/13,P20220412003,BVFFC14B0047,1,汎航通運,,張育淮,悠游配對失敗,"1.卡機KEYLOSS，更換卡機
2.更換RTC電池",
2022/4/13,P20220412003,DCFFC14B0013,1,汎航通運,,張育淮,故障,按鍵異常，更換DC上蓋,與BVFFC14B0060配對燒機
2022/4/13,P20220412003,DCFFC14B0061,1,汎航通運,,張育淮,按鍵故障,按鍵異常，更換DC上蓋,與BVFFC14B0047配對燒機
2022/4/14,P20220413002,BVMLB11A0025,3,苗栗客運,,張育淮,無法定位傳輸,鎖點斷裂，更換BV上蓋,
2022/4/14,P20220413002,BVMLB11A0012,2,苗栗客運,,張育淮,(業者未寫),送修原因測試無異常,
2022/4/14,P20220413002,DCMLB11A0031,2,苗栗客運,,張育淮,(業者未寫),"1.鎖點斷裂，更換DC上蓋
2.鎖點斷裂，更換DC下蓋",與BVMLB11A0025配對燒機
2022/4/14,P20220413002,DCMLB11A0047,2,苗栗客運,,張育淮,無法定位,送修原因測試無異常,與BVMLB11A0012配對燒機
2022/4/14,P20220413002,DCMLB2022041301,1,苗栗客運,,張育淮,(業者未寫),"1.鎖點斷裂，更換DC上蓋
2.鎖點斷裂，更換DC下蓋",
2022/4/14,P20220413003,BVGOB1310018,1,金牌客運,,張育淮,待維修,鎖點斷裂，更換BV上蓋,
2022/4/14,P20220413003,DCGOB20190603,2,金牌客運,,張育淮,待維修,送修原因測試無異常,與BVGOB1310018配對燒機
2022/4/14,P20220413004,BVCHS16C0002,1,捷順-都會南站,,張育淮,不能刷卡,"1.調整讀卡機感應度
2.C板語音線斷.重焊語音即正常",
2022/4/14,P20220413004,DCCHS1630004,2,捷順-都會南站,,張育淮,故障,GPS模組無法校正時間，更換模組,與BVCHS16C0002配對燒機
2022/4/22,P20220420003,BVCIB1210148,4,嘉義客運,,張育淮,GPS閉鎖,C板USB IC異常，更換C板,
2022/4/22,P20220420003,BVCIB1210019,2,嘉義客運,,張育淮,卡在讀卡機檢查,"1.送修原因測試無異常
2.更換RTC電池",
2022/4/22,P20220420003,BVCIB2021092801,2,嘉義客運,,張育淮,安全模組不存在,"1.卡機KEYLOSS，更換卡機
2.更換BV電源座",
2022/4/22,P20220420003,DCCIB1210045,1,嘉義客運,,張育淮,(業者未寫),顯示異常，更換LCM,與BVCIB1210148配對燒機
2022/4/22,P20220420003,DCCIB1210066,1,嘉義客運,,張育淮,無字幕,顯示異常，更換LCM,與BVCIB1210019配對燒機
2022/4/22,P20220420003,DCCIB1210058,1,嘉義客運,,張育淮,(業者未寫),顯示異常，更換LCM,與BVCIB2021092801配對燒機
2022/4/28,P20220425001,BVMLB11A0051,1,苗栗客運,,張育淮,(業者未寫),送修原因測試無異常,
2022/4/28,P20220425001,BVMLB11A0124,2,苗栗客運,,張育淮,(業者未寫),顯示異常，更換LCM,
2022/4/28,P20220425001,BVMLB11A0117,1,苗栗客運,,張育淮,(業者未寫),內部螺絲鬆脫，重新調整,
2022/4/28,P20220425001,BVMLB11A0009,1,苗栗客運,,張育淮,icash卡種不能刷,調整讀卡機感應度,
2022/4/28,P20220425001,BVMLB11A0035,1,苗栗客運,,張育淮,無法開機,保險絲燒壞，更換即正常,
2022/4/28,P20220425001,BVMLB11A0015,3,苗栗客運,,張育淮,悠遊卡刷不過,卡機KEYLOSS，更換卡機,
2022/4/28,P20220425001,DCMLB2021061601,2,苗栗客運,,張育淮,(業者未寫),,與BVMLB11A0124配對燒機
2022/4/28,P20220425001,DCMLB11A0090,1,苗栗客運,,張育淮,螢幕看不清楚,"1.顯示異常，更換LCM
2.鎖點斷裂，更換DC上蓋",與BVMLB11A0117配對燒機
2022/4/28,P20220425002,BVMLB11A0067,1,苗栗客運,,張育淮,(業者未寫),顯示異常，更換LCM,
2022/4/28,P20220427001,BVORB2021122804,2,亞盛通運,,張育淮,找不到讀卡機,送修原因測試無異常,
2022/4/28,P20220427001,BVORB2021122808,1,亞盛通運,,張育淮,一直重複開機,電源變壓器異常，導致重複開機,
2022/4/28,P20220427001,BVORB2022031109,4,亞盛通運,,張育淮,一直重複開機,電源變壓器異常，導致重複開機,
2022/4/28,P20220427001,DCORB2021122804,1,亞盛通運,,張育淮,找不到讀卡機,送修原因測試無異常,
2022/4/28,P20220427001,DCORB2021122808,1,亞盛通運,,張育淮,一直重複開機,電源變壓器異常，導致重複開機,
2022/4/28,P20220427001,DCORB2022031109,3,亞盛通運,,張育淮,一直重複開機,電源變壓器異常，導致重複開機,
2022/4/28,P20220427002,BVGOB20200217,2,金牌客運,,張育淮,悠遊卡無法刷,"1.卡機KEYLOSS，更換卡機
2.C板USB IC異常，更換C板",
2022/4/28,P20220427003,BVHCB11B0191,2,新竹客運-中壢,,張育淮,無法刷卡,"1.卡機KEYLOSS，更換卡機
2.鎖點斷裂，更換BV上蓋",
2022/4/28,P20220427003,BVHCB11B0028,1,新竹客運-中壢,,張育淮,(業者未寫),送修原因測試無異常,
2022/4/28,P20220427003,BVHCB14B0007,1,新竹客運-中壢,,張育淮,(業者未寫),送修原因測試無異常,與BVHCB11B0126對調卡機
2022/4/28,P20220427003,BVHCB11B0133,1,新竹客運-中壢,,張育淮,未傳輸有資料.無法傳輸,送修原因測試無異常,
2022/4/28,P20220427003,BVHCB11B0126,1,新竹客運-中壢,,張育淮,有時無法連線,送修原因測試無異常,與BVHCB14B0007對調卡機
2022/4/28,P20220427003,BVHCB11B0212,2,新竹客運-中壢,,張育淮,感應不良,送修原因測試無異常,
2022/4/28,P20220427004,BVKAM1440001,4,葛瑪蘭客運,,張育淮,無螢幕.卡營收,"1.顯示異常，更換LCM
2.營收上傳無異常
3.更換RTC電池",
2022/4/28,P20220427004,BVKAM1440030,3,葛瑪蘭客運,,張育淮,一直會重開機,"1.送修原因測試無異常
2.更換RTC電池",
2022/4/28,P20220427004,DCKAM1440016,2,葛瑪蘭客運,,張育淮,功能鍵跟定位/3按鍵很難按,按鍵異常，更換DC上蓋,與BVKAM1440001配對燒機
2022/4/28,P20220427004,DCKAM1440015,3,葛瑪蘭客運,,張育淮,藍畫面一直重開機,送修原因測試無異常,與BVKAM1440030配對燒機
2022/4/28,P20220427004,DCKAM1440013,2,葛瑪蘭客運,,張育淮,頭接觸不良,內部接頭重新調整,與BVGOB20200217配對燒機
2022/5/4,P20220428001,BVCIB1210004,1,嘉義客運,961-FT,張育淮,(業者未寫),"1.卡機KEYLOSS，更換卡機
2.更換RTC電池",
2022/5/4,P20220428001,BVCIB1210001,1,嘉義客運,961-FT,張育淮,無語音,"1.送修原因測試無異常
2.更換RTC電池",
2022/5/4,P20220428001,BVCIB1210002,4,嘉義客運,961-FT,張育淮,卡在網路連線無法登出,"1.送修原因測試無異常
2.顯示異常，更換LCM",
2022/5/4,P20220428001,BVCIB1210023,1,嘉義客運,961-FT,張育淮,熱機後卡在讀卡機檢查,送修原因測試無異常,
2022/5/6,P20220504001,BVHCB11B0335,2,新竹客運-楊梅,068-FN,張育淮,(業者未寫),卡機KEYLOSS，更換卡機,
2022/5/6,P20220504001,BVHCB11B0045,1,新竹客運-楊梅,365-U7,張育淮,(業者未寫),送修原因測試無異常,
2022/5/6,P20220504001,BVHCB1550014,2,新竹客運-楊梅,966-FL,張育淮,下車無法刷卡,送修原因測試無異常,
2022/5/6,P20220504001,BVHCB11B0085,2,新竹客運-楊梅,966-FL,張育淮,刷卡不叫,"1.語音異常，內部重新調整
2.顯示異常，更換LCM",
2022/5/6,P20220504002,BVHCB11B0154,2,新竹客運-牛埔,235-U7,張育淮,不時會當機,送修原因測試無異常,
2022/5/6,P20220504002,BVHCB12A0018,1,新竹客運-牛埔,939-FL,張育淮,原因測試無異常,C板語音線斷.重焊語音即正常,
2022/5/6,P20220504002,BVHCB20190410,2,新竹客運-牛埔,216-U7,張育淮,(業者未寫),卡機KEYLOSS，更換卡機,
2022/5/6,P20220504002,DCHCB11B0221,2,新竹客運-牛埔,,張育淮,會自動開機,DC主板電源異常，更換電源IC(U4),與BVHCB11B0335配對燒機
2022/5/6,P20220504002,DCHCB11B0196,3,新竹客運-牛埔,235-U7,張育淮,無法更改路線.當機,送修原因測試無異常,與BVHCB11B0045配對燒機
2022/5/6,P20220504003,BVFFC14B0019,1,汎航通運,解卡機,張育淮,(業者未寫),"1.送修原因測試無異常
2.更換RTC電池",
2022/5/6,P20220504003,BVFFC14B0025,2,汎航通運,,張育淮,(業者未寫),"1.卡機KEYLOSS，更換卡機
2.更換RTC電池",
2022/5/6,P20220504003,BVFFC14B0004,1,汎航通運,,張育淮,(業者未寫),送修原因測試無異常,
2022/5/6,P20220504003,BVFFC14B0042,2,汎航通運,529-AB,張育淮,內有營收，無法上傳,送修原因測試無異常,
2022/5/6,P20220504003,BVFFC14B0036,2,汎航通運,529-AB,張育淮,(業者未寫),送修原因測試無異常,
2022/5/6,P20220504003,BVFFC14B0052,1,汎航通運,529-AB,張育淮,(業者未寫),"1.送修原因測試無異常
2.更換RTC電池",
2022/5/6,P20220504003,DCFFC14B0065,1,汎航通運,,張育淮,(業者未寫),"1.顯示異常，更換LCM
2.內建GPS日期時間異常，更換模組",與BVFFC14B0019配對燒機
2022/5/6,P20220504003,DCFFC14B0012,1,汎航通運,,張育淮,(業者未寫),,與BVFFC14B0025配對燒機
2022/5/6,P20220504003,DCFFC14B0031,1,汎航通運,,張育淮,無法定位,送修原因測試無異常,與BVFFC14B0004配對燒機
2022/5/6,P20220504003,DCFFC14B0056,1,汎航通運,,張育淮,(業者未寫),"1.按鍵異常，更換DC上蓋
2.鎖點斷裂，更換DC下蓋",與BVFFC14B0042配對燒機
2022/5/6,P20220505001,BVCHS2022050501,2,捷順-豐原東站,EAA809,張育淮,不會說話,"1.C板語音線斷.重焊語音即正常
2.USB異常，更換SOM板",
2022/5/6,P20220505002,BVCHS1680013,2,捷順-都會南站,,張育淮,無法刷卡,調整讀卡機感應度,
2022/5/6,P20220505002,BVCHS1630008,1,捷順-都會南站,,張育淮,面板陷落,面板重新黏貼,
2022/5/6,P20220505002,BVCHS1630018,1,捷順-都會南站,EAA630,張育淮,找不到CF卡,SOM板未裝好，重裝即正常,
2022/5/6,P20220505004,BVHCB11B0030,3,新竹客運-苗栗保養場,967-FL,張育淮,GPS閉鎖,送修原因測試無異常,
2022/5/6,P20220505004,BVHCB1550007,1,新竹客運-苗栗保養場,557-FT,張育淮,GPS閉鎖.無法傳輸,送修原因測試無異常,
2022/5/6,P20220505004,BVHCB11B0300,1,新竹客運-苗栗保養場,278-U7,張育淮,找不到讀卡機,送修原因測試無異常,
2022/5/6,P20220505004,BVHCB11B0162,2,新竹客運-苗栗保養場,967-FL,張育淮,定位不良.要很久才會定位,送修原因測試無異常,
2022/5/6,P20220505004,DCHCB11B0063,1,新竹客運-苗栗保養場,,張育淮,GPS閉鎖.無法傳輸,"1.送修原因測試無異常
2.接頭損壞，更換資訊傳輸線",與BVHCB11B0030配對燒機
2022/5/6,P20220505004,DCHCB12A0033,1,新竹客運-苗栗保養場,,張育淮,定位不良.要很久才會定位,送修原因測試無異常,與BVHCB1550007配對燒機
2022/5/6,P20220505004,DCHCB12A0024,1,新竹客運-苗栗保養場,,張育淮,資料傳輸完.在登入不會定位,送修原因測試無異常,與BVHCB11B0300配對燒機
2022/5/6,P20220505004,DCHCB11B0222,1,新竹客運-苗栗保養場,,張育淮,無背光,顯示異常，更換LCM,與BVHCB11B0162配對燒機
2022/5/6,P20220506001,BVHCB11B0077 ,1,新竹客運-關西,963-FL58,張育淮,(業者未寫),送修原因測試無異常,
2022/5/6,P20220506001,BVHCB11B0137,1,新竹客運-關西,206-U7,張育淮,讀卡機,送修原因測試無異常,
2022/5/6,P20220506001,DCHCB11B0317,1,新竹客運-關西,,張育淮,螢幕閃爍,顯示異常，更換LCM,與BVHCB11B0077 配對燒機
2022/5/17,P20220511001,BVYSM2020081106,3,科技之星,063-FN,張育淮,卡機會重啟中,送修原因測試無異常,
2022/5/17,P20220511001,DCYSM1310004,1,科技之星,,張育淮,(業者未寫),按鍵異常，更換DC上蓋,與BVYSM2020081106配對燒機
2022/5/17,P20220511001,DCYSM2022010603,1,科技之星,,張育淮,(業者未寫),送修原因測試無異常,
2022/5/19,P20220517001,BVFFC14B0053,1,汎航通運,529-AB,張育淮,(業者未寫),送修原因測試無異常,
2022/5/19,P20220517001,BVFFC14B0035,1,汎航通運,,張育淮,有營收.無法上傳,送修原因測試無異常,
2022/5/19,P20220517002,BVORB1350027,1,亞通客運,070-FD,張育淮,營收上傳NG,C板USB IC異常，更換C板,
2022/5/19,P20220517002,BVORB1350013,1,亞通客運,070-FD,張育淮,GPS定位異常,送修原因測試無異常,
2022/5/19,P20220517002,BVORB1350022,1,亞通客運,,張育淮,找不到CF卡,CF卡鬆脫,
2022/5/19,P20220517002,DCORB2021072101,2,亞通客運,,張育淮,按鍵失效無反應,"1.按鍵異常，更換DC上蓋
2.顯示異常，更換LCM",與BVORB1350027配對燒機
2022/5/19,P20220517002,DCORB1350011,1,亞通客運,,張育淮,按鍵異常無法使用,按鍵異常，更換DC上蓋,與BVORB1350013配對燒機
2022/5/19,P20220517003,DCKAM20210527,1,葛瑪蘭客運,,張育淮,按鍵,按鍵異常，更換DC上蓋,與BVORB1350022配對燒機
2022/5/19,P20220517004,DCHCB1550016,1,新竹客運-關西,,張育淮,不好按,按鍵異常，更換DC上蓋,
2022/5/19,P20220517005,DCHCB11B0330,1,新竹客運-竹東,,張育淮,螢幕黑,"1.顯示異常，更換LCM
2.鎖點斷裂，更換DC上蓋",與BVFFC14B0053配對燒機
2022/5/19,P20220517005,DCHCB14B0012,1,新竹客運-竹東,,張育淮,不會定位,送修原因測試無異常,與BVFFC14B0035配對燒機
2022/5/27,P20220525002,BVCHS16C0031,1,捷順-桃園站,EAA525,張育淮,(業者未寫),語音異常，調整放大器音量開關,
2022/5/27,P20220526001,BVKAM1440004,1,葛瑪蘭客運,,張育淮,找不到CF卡,"1.C板USB IC異常，更換C板
2.更換RTC電池",
2022/5/30,P20220530001,BVTPCIB22003,1,嘉義客運,,張育淮,(業者未寫),卡機KEYLOSS，更換卡機,卡機電池沒電，注意之後送修回來是否電池沒電
2022/5/30,P20220530001,BVCIB1210135,3,嘉義客運,,張育淮,熱機後讀卡機無法使用,C板讀卡機的RS232通訊trace斷線，重新補線,
2022/5/30,P20220530001,BVCIB1210078,2,嘉義客運,961-FT,張育淮,面板鬆動,"1.上蓋破損，更換BV上蓋
2.更換RTC電池",
2022/5/30,P20220530001,BVCIB1210031,2,嘉義客運,BUS-8020,張育淮,找不到讀卡機,"1.送修原因測試無異常
2.更換RTC電池",
2022/5/30,P20220530001,BVCIB1210032,2,嘉義客運,961-FT,張育淮,熱機後會卡在讀卡機測試,送修原因測試無異常,
2022/5/30,P20220530001,BVCIB1210093,3,嘉義客運,961-FT,張育淮,卡在讀卡機檢查中,送修原因測試無異常,
2022/5/30,P20220530001,DCCIB1210067,1,嘉義客運,,張育淮,字幕太暗,"1.顯示異常，更換LCM
2.按鍵異常，更換DC上蓋",與BVCIB1210135配對燒機
2022/5/30,P20220530001,DCCIB1210011,1,嘉義客運,,張育淮,WiFi接頭斷掉,接頭破損，更換WiFi內天線,與BVCIB1210078配對燒機
2022/5/30,P20220530001,DCCIB2022053001,1,嘉義客運,,張育淮,取消確認鍵故障,按鍵異常，更換DC上蓋,與BVCIB1210031配對燒機
2022/5/31,P20220531001,DCCHS1680004,1,雲林客運,,張育淮,往成按鈕故障,按鍵異常，更換DC上蓋,與BVTPCIB22003配對燒機
2022/6/3,P20220608004,BVHCB11B0018,2,新竹客運-楊梅,,張育淮,前後機連線異常,"1.RJ45網路異常，更換C板
2.顯示異常，更換LCM
3.刷卡異常，更換卡機",注意是否會熱機後無法刷卡(未顯示卡機未連接)
2022/6/3,P20220608003,BVMLB11A0105,1,苗栗客運,,張育淮,會自行關機.很多次/螢幕過暗,送修原因測試無異常,
2022/6/3,P20220608003,BVMLB11A0119,2,苗栗客運,,張育淮,無語音/播報異常,送修原因測試無異常,
2022/6/3,P20220608003,BVMLB11A0126,1,苗栗客運,EAA-573,張育淮,愛金卡不能刷,"1.調整讀卡機感應度
2.鎖點斷裂，更換BV上蓋",
2022/6/3,P20220608003,BVMLB2021032201,2,苗栗客運,,張育淮,(業者未寫),送修原因測試無異常,
2022/6/3,P20220608003,BVMLB11A0031,2,苗栗客運,,張育淮,螢幕過暗,"1.送修原因測試無異常
2.語音異常，調整放大器音量開關",
2022/6/3,P20220608003,BVMLB11A0101,2,苗栗客運,881-U7,張育淮,無法傳輸.無法定位,送修原因測試無異常,
2022/6/3,P20220608003,BVMLB11A0089,2,苗栗客運,,張育淮,(業者未寫),送修原因測試無異常,
2022/6/3,P20220608003,BVMLB11A0007,1,苗栗客運,,張育淮,(業者未寫),送修原因測試無異常,
2022/6/3,P20220608003,BVMLB11A0061,2,苗栗客運,EAA-575,張育淮,更新後無法正常刷卡,送修原因測試無異常,
2022/6/3,P20220608003,BVMLB11A0063,3,苗栗客運,872-U7,張育淮,無法定位,送修原因測試無異常,
2022/6/3,P20220608003,BVMLB11A0098,2,苗栗客運,938-U7,張育淮,更新後無法正常刷卡,卡機KEYLOSS，更換卡機,
2022/6/3,P20220608003,BVMLB11A0116,3,苗栗客運,,張育淮,(業者未寫),12V電源異常，更換Power板,
2022/6/3,P20220608003,DCMLB11A0092,1,苗栗客運,822-FP,張育淮,車機與表定時間不符,送修原因測試無異常,與BVMLB11A0063配對燒機
2022/6/8,P20220608001,BVGOB1570002,1,金牌免巴,576-FT,張育淮,悠遊卡無法刷,卡機KEYLOSS，更換卡機,
2022/6/8,P20220608002,DCYSM2019102101,2,科技之星,,張育淮,(業者未寫),按鍵異常，更換DC上蓋,與BVGOB1570002配對燒機
2022/6/10,P20220610002,DCCHS1630003,3,捷順-都會南站,,張育淮,故障,按鍵異常，更換DC上蓋,
2022/6/10,P20220610002,DCCHS1630005,1,捷順-都會南站,,張育淮,(業者未寫),送修原因測試無異常,
2022/6/17,P20220616004,BVYSM2020081112,1,科技之星,063-FN,張育淮,無電源,保險絲燒斷，更換保險絲,
2022/6/17,P20220616004,BVYSM1310002,2,科技之星,,張育淮,(業者未寫),卡機KEYLOSS，更換卡機,
2022/6/17,P20220616004,DCYSM20191120,1,科技之星,,張育淮,(業者未寫),送修原因測試無異常,與BVYSM2020081112配對燒機
2022/6/17,P20220616005,BVCIB1210151,3,嘉義客運,961-FT,張育淮,熱機後會出現找不到讀卡機,"1.送修原因測試無異常
2.SOM板金手指清潔",台智卡: 04183194
2022/6/17,P20220616005,BVCIB1210157,2,嘉義客運,961-FT,張育淮,熱機後會出現讀卡機故障,"1.送修原因測試無異常
2.SOM板金手指清潔
3.C板排線異常，更換排線
4.語音異常，更換喇叭",台智卡: 04164360
2022/6/17,P20220616005,BVCIB1210072,4,嘉義客運,,張育淮,語音太小聲,喇叭上下蓋鬆脫，重新黏接,台智卡: 04164366
2022/6/17,P20220616005,BVCIB1210119,2,嘉義客運,,張育淮,字幕太暗,"1.顯示異常，更換LCM
2.更換RTC電池",台智卡: 04183244
2022/6/17,P20220616005,BVCIB1210031,2,嘉義客運,,張育淮,卡在讀卡機檢查中,C板讀卡機的RS232通訊trace斷線，重新補線,台智卡: 04183593
2022/6/17,P20220616005,BVCIB1210078,2,嘉義客運,,張育淮,無字幕,顯示異常，更換LCM,台智卡: 04164367
2022/6/17,P20220616006,BVHCB20190423,1,新竹客運-牛埔,FAD-212,張育淮,無法傳輸,WiFi異常，更換SOM板,
2022/6/17,P20220616006,BVHCB20190704,1,新竹客運-牛埔,098-FN,張育淮,不能刷卡,送修原因測試無異常,
2022/6/17,P20220616006,BVHCB11B0101,2,新竹客運-牛埔,FAD-212,張育淮,定位3很少4.時有時無定位,SOM板金手指清潔,
2022/6/17,P20220616006,BVHCB11B0067,1,新竹客運-牛埔,,張育淮,無法讀取悠遊卡,"1.送修原因測試無異常
2.C板USB IC異常，更換C板
3.RTC異常，更換SOM板",
2022/6/17,P20220616006,BVHCB11B0295,1,新竹客運-牛埔,,張育淮,找無CF卡,CF卡鬆脫,
2022/6/17,P20220616006,DCHCB11B0227,1,新竹客運-牛埔,,張育淮,按鍵無感應,"1.鎖點斷裂，更換DC上蓋
2.WiFi異常，更換USB板",與BVHCB20190423配對燒機
2022/6/17,P20220616006,DCHCB11B0051,1,新竹客運-牛埔,,張育淮,按鍵時好時壞,按鍵異常，更換DC上蓋,與BVHCB11B0101配對燒機
2022/6/17,P20220616006,DCHCB11B0133 ,1,新竹客運-牛埔,,張育淮,按鍵故障,"1.按鍵異常，更換DC上蓋
2.顯示異常，更換LCM",與BVHCB11B0067配對燒機
2022/6/17,P20220616006,DCHCB11B0208,2,新竹客運-牛埔,,張育淮,GPS閉鎖,送修原因測試無異常,與BVHCB11B0295配對燒機
2022/6/17,P20220617002,BVFFC14B0060,2,汎航通運,KAA-0528,張育淮,無電.有營收,送修原因測試無異常,
2022/6/17,P20220617002,BVFFC14B0020,1,汎航通運,,張育淮,(業者未寫),"1.更換蜂鳴器
2.更換RTC電池",
2022/6/17,P20220617002,DCFFC14B0017,1,汎航通運,,張育淮,(業者未寫),"1.按鍵異常，更換DC上蓋
2.GPS模組無法校正時間，更換模組",與BVFFC14B0060配對燒機
2022/6/17,P20220617001,BVHCB11B0115,2,新竹客運,,張育淮,(業者未寫),送修原因測試無異常,
2022/6/17,P20220617001,BVHCB11B0128,1,新竹客運,,張育淮,(業者未寫),送修原因測試無異常,
2022/6/17,P20220617001,BVHCB11B0272,1,新竹客運,,張育淮,(業者未寫),送修原因測試無異常,
2022/6/17,P20220617001,BVHCB11B0013,3,新竹客運,,張育淮,(業者未寫),送修原因測試無異常,
2022/6/17,P20220617001,BVHCB11B0008,2,新竹客運,,張育淮,(業者未寫),面板鬆脫、重新黏貼,
2022/6/17,P20220617001,BVHCB11B0203,2,新竹客運,,張育淮,(業者未寫),"1.重新安裝網路線
2.重新安裝卡機",
2022/6/17,P20220617001,BVHCB11B0214,1,新竹客運,,張育淮,(業者未寫),顯示異常，更換LCM,
2022/6/17,P20220617001,BVHCB11B0037,2,新竹客運,,張育淮,(業者未寫),重新安裝卡機,
2022/6/17,P20220617001,BVHCB11B0371,1,新竹客運,,張育淮,(業者未寫),重新安裝卡機,
2022/6/17,P20220617001,BVHCB2019051008,1,新竹客運,,張育淮,(業者未寫),重新安裝卡機,
2022/6/17,P20220617001,BVHCB11B0323,1,新竹客運,,張育淮,(業者未寫),重新安裝卡機,
2022/6/17,P20220617001,BVHCB11B0117,2,新竹客運,,張育淮,(業者未寫),重新安裝喇叭、網路線、SOM板、CF卡、C板、LCM、卡機,
2022/6/17,P20220617001,BVHCB11B0017,1,新竹客運,,張育淮,(業者未寫),"1.重新安裝網路線
2.重新安裝卡機",
2022/6/17,P20220617001,BVHCB13A0004 ,1,新竹客運,,張育淮,(業者未寫),"1.C板排線異常，更換排線
2.語音異常，更換喇叭，更換音源IC
3.重新安裝網路線
4.重新安裝卡機",
2022/6/17,P20220617001,BVHCB11B0169,1,新竹客運,,張育淮,(業者未寫),重新安裝SOM板、卡機,
2022/6/17,P20220617001,DCHCB11B0078,1,新竹客運,,張育淮,(業者未寫),送修原因測試無異常,與BVHCB11B0115配對燒機
2022/6/23,P20220621001,BVHCB11B0072,1,新竹客運-中壢,,張育淮,無語音,C板語音線斷.重焊語音線,
2022/6/23,P20220621001,BVHCB12A0016,1,新竹客運-中壢,,張育淮,未傳輸.無法連線,送修原因測試無異常,
2022/6/23,P20220621001,BVHCB11B0208,2,新竹客運-中壢,,張育淮,無法傳輸,送修原因測試無異常,
2022/6/23,P20220621001,BVHCB11B0170,1,新竹客運-中壢,,張育淮,邊框破裂,更換BV上蓋,
2022/6/23,P20220621001,BVHCB11B0002,1,新竹客運-中壢,,張育淮,無法改車號,送修原因測試無異常,
2022/6/23,P20220621001,DCHCB11B0302,2,新竹客運-中壢,,張育淮,GPS閉鎖,送修原因測試無異常,與BVHCB11B0072配對燒機
2022/6/23,P20220621002,BVHCB11B0321,1,新竹客運-楊梅,,張育淮,(業者未寫),調整讀卡機感應度,
2022/6/23,P20220621002,BVHCB11B0021,3,新竹客運-楊梅,,張育淮,(業者未寫),送修原因測試無異常,
2022/6/23,P20220621002,BVHCB11B0006,1,新竹客運-楊梅,,張育淮,(業者未寫),"1.無法開機，更換保險絲
2.LED異常，更換LED線材",
2022/6/23,P20220621002,DCHCB13A0004,2,新竹客運-楊梅,,張育淮,(業者未寫),USB電源異常。更換DC主板,與BVHCB12A0016配對燒機
2022/6/23,P20220621003,BVHCB11B0034,1,新竹客運-苗栗保養場,,張育淮,找不到CF卡,卡片鬆脫,
2022/6/23,P20220621003,BVHCB11B0264,1,新竹客運-苗栗保養場,,張育淮,卡片感應不良,調整讀卡機感應度,
2022/6/23,P20220621003,DCHCB11B0200,1,新竹客運-苗栗保養場,,張育淮,按鍵失靈,按鍵異常，更換DC上蓋,與BVHCB11B0208配對燒機
2022/6/23,P20220621003,DCHCB11B0231,2,新竹客運-苗栗保養場,,張育淮,定位不良,送修原因測試無異常,與BVHCB11B0170配對燒機
2022/6/23,P20220621003,DCHCB13A0006,2,新竹客運-苗栗保養場,,張育淮,不定位,送修原因測試無異常,與BVHCB11B0002配對燒機
2022/6/23,P20220621004,DCCHS1630002,1,捷順-都會南站,,張育淮,無法定位,送修原因測試無異常,與BVHCB11B0321配對燒機
2022/6/23,P20220622001,BVORB2021122806,1,亞盛通運,,張育淮,刷卡資料不完全,送修原因測試無異常,
2022/6/23,P20220622001,BVORB2022031109,4,亞盛通運,,張育淮,無法刷卡,送修原因測試無異常,
2022/6/23,P20220622001,DCORB2021122805,2,亞盛通運,,張育淮,螢幕顯示異常,顯示異常，更換LCM,與BVORB2021122806配對燒機
2022/6/23,P20220622001,DCORB2022031109,3,亞盛通運,,張育淮,無法開機,內部重新整理,與BVORB2022031109配對燒機
2022/6/23,P20220622004,BVMLB11A0010,3,苗栗客運,,張育淮,無法定位,送修原因測試無異常,
2022/6/23,P20220622004,BVMLB11A0075,2,苗栗客運,,張育淮,無語音,"1.送修原因測試無異常
2.顯示異常，更換LCM",
2022/6/23,P20220622004,BVMLB11A0062,2,苗栗客運,,張育淮,找不到讀卡機,送修原因測試無異常,
2022/6/23,P20220622004,BVMLB11A0092,1,苗栗客運,,張育淮,(業者未寫),送修原因測試無異常,
2022/6/23,P20220622004,BVMLB11A0076,5,苗栗客運,,張育淮,營收跳掉,送修原因測試無異常,
2022/6/23,P20220622004,DCMLB11A0019,1,苗栗客運,,張育淮,螢幕過暗,顯示異常，更換LCM,與BVMLB11A0010配對燒機
2022/6/23,P20220622004,DCMLB11A0104,1,苗栗客運,,張育淮,螢幕過暗,顯示異常，更換LCM,與BVMLB11A0075配對燒機
2022/6/23,P20220622004,DCMLB11A0114,1,苗栗客運,,張育淮,螢幕過暗,"1.顯示異常，更換LCM
2.鎖點斷裂，更換DC上蓋",與BVMLB11A0062配對燒機
2022/6/23,P20220622004,DCMLB11A0054,1,苗栗客運,,張育淮,螢幕過暗,顯示異常，更換LCM,與BVMLB11A0092配對燒機
2022/6/23,P20220622005,BVGOB1570001,2,金牌客運,,張育淮,(業者未寫),改裝成QR,
2022/6/27,P20220624001,BVKAM1440005,3,葛瑪蘭客運,,張育淮,(業者未寫),"1.C板語音線斷.重焊語音線
2.LED顯示異常，更換LED板",
2022/6/27,P20220624001,BVKAM2022062402,1,葛瑪蘭客運,,張育淮,要手動進站,送修原因測試無異常,
2022/6/27,P20220624001,BVKAM1440015,4,葛瑪蘭客運,,張育淮,(業者未寫),USB異常，SOM未插好,
2022/6/27,P20220624001,BVKAM1440028,1,葛瑪蘭客運,,張育淮,(業者未寫),更換RTC電池,
2022/6/27,P20220624001,BVKAM2022062403,1,葛瑪蘭客運,,張育淮,沒電,送修原因測試無異常,
2022/6/27,P20220624001,BVKAM2022062401,1,葛瑪蘭客運,,張育淮,找不到讀卡機,卡機KEYLOSS，更換卡機,
2022/6/27,P20220624001,DCKAM1440019,4,葛瑪蘭客運,,張育淮,(業者未寫),"1.顯示異常，更換LCM
2.鎖點斷裂，更換DC上蓋
3.GPS模組無法校正時間，更換模組",與BVKAM1440005配對燒機
2022/6/27,P20220624001,DCKAM1440007,2,葛瑪蘭客運,,張育淮,無法輸入員編,送修原因測試無異常,與BVKAM2022062402配對燒機
2022/6/27,P20220624001,DCKAM1440006,2,葛瑪蘭客運,,張育淮,(業者未寫),"1.顯示異常，更換LCM
2.鎖點斷裂，更換DC下蓋",與BVKAM1440015配對燒機
2022/6/30,P20220629001,BVYSM2020081106,3,科技之星,,張育淮,(業者未寫),送修原因測試無異常,
2022/6/30,P20220629001,DCYSM1310001,1,科技之星,,張育淮,(業者未寫),內部重新整理,與BVYSM2020081106配對燒機
2022/6/30,P20220629004,BVCIB1210154,1,嘉義客運,,張育淮,悠遊卡無法過卡,"1.卡機KEYLOSS，更換卡機
2.更換RTC電池",
2022/6/30,P20220629004,BVCIB1210140,4,嘉義客運,,張育淮,熱機後卡片無法感應,"1.送修原因測試無異常
2.更換RTC電池",
2022/6/30,P20220629004,BVCIB1210021,3,嘉義客運,,張育淮,無語音,調整放大器音量,
2022/6/30,P20220629004,DCCIB1210094,1,嘉義客運,,張育淮,登出鍵故障,按鍵異常，更換DC上蓋,與BVCIB1210154配對燒機
2022/6/30,P20220629004,DCCIB1210089,2,嘉義客運,,張育淮,無法登出,送修原因測試無異常,與BVCIB1210140配對燒機
2022/6/30,P20220629004,DCCIB1210133,1,嘉義客運,,張育淮,背光太暗,顯示異常，更換LCM,與BVCIB1210021配對燒機
2022/6/30,P20220629007,BVHCB11B0250,1,新竹客運-牛埔,,張育淮,刷卡很難刷,"1.送修原因測試無異常
2.顯示異常，更換LCM",
2022/6/30,P20220629007,DCHCB12A0006,1,新竹客運-牛埔,,張育淮,天線螺牙故障,送修原因測試無異常,與BVHCB11B0250配對燒機
2022/6/30,P20220629007,DCHCB11B0067,2,新竹客運-牛埔,,張育淮,螢幕淡化,顯示異常，更換LCM,與BVHCB11B0018配對燒機
2022/6/30,P20220629008,BVORB1350030,1,亞通客運,,張育淮,悠遊卡配對失敗,"1.卡機KEYLOSS，更換卡機
2.更換RTC電池",
2022/6/30,P20220629008,BVORB2021020305,1,亞通客運,,張育淮,語音卡NG.用一段時間無聲,C板語音線斷.重焊語音線,
2022/7/5,P20220701001,BVFFC14B0064,1,汎航通運,,張育淮,(業者未寫),送修原因測試無異常,
2022/7/5,P20220701001,DCFFC14B0007,2,汎航通運,,張育淮,(業者未寫),按鍵異常，更換DC上蓋,與BVFFC14B0064配對燒機
2022/7/6,P20220705002,BVGOB2020041402,1,金牌客運,,張育淮,待維修,"1.一卡通SAM卡重新清潔安裝
2.新增PTC、電容、散熱片",QR
2022/7/6,P20220705002,BVGOB20190502,1,金牌客運,,張育淮,待維修,"1.C板語音線斷.重焊語音線
2.一卡通SAM卡重新清潔安裝",
2022/7/6,P20220705002,DCGOB2020090201,1,金牌客運,,張育淮,閉鎖,送修原因測試無異常,與BVGOB2020041402配對燒機
2022/7/6,P20220705003,BVHCB12A0007,2,新竹客運-中壢,,張育淮,無語音,送修原因測試無異常,
2022/7/6,P20220705004,BVHCB11B0180,1,新竹客運-牛埔,,張育淮,刷卡感應不良,調整讀卡機感應度,
2022/7/6,P20220705004,DCHCB11B0334,2,新竹客運-牛埔,,張育淮,(業者未寫),顯示異常，更換LCM,與BVHCB12A0007配對燒機
2022/7/11,P20220706001,BVCHS2022070601,1,雲林客運,,張育淮,故障,C板讀卡機的RS232通訊trace斷線，重新補線,
2022/7/11,P20220706001,DCCHS2021090601,1,雲林客運,,張育淮,一直重啟.出現找不到CF卡,送修原因測試無異常,與BVCHS2022070601配對燒機
2022/7/11,P20220706003,DCCHS1630003,3,捷順-都會南站,,張育淮,無畫面,DC主板二極體異常，重新更換,與BVCHS2021092201配對燒機
2022/7/11,P20220706003,DCCHS1630013,1,捷順-都會南站,,張育淮,無法定位,送修原因測試無異常,與BVCHS2021011201配對燒機
2022/7/11,P20220706004,BVCHS2021092201,2,捷順-豐原東站,,張育淮,(業者未寫),送修原因測試無異常,
2022/7/11,P20220706004,BVCHS2021011201,1,捷順-豐原東站,,張育淮,不會報上下車,C板語音線斷.重焊語音線,
2022/7/11,P20220707001,BVCIB1210119,2,嘉義客運,,張育淮,熱機後會出現讀卡機錯誤,送修原因測試無異常,
2022/7/11,P20220707001,BVCIB20210524,1,嘉義客運,,張育淮,面板螺絲孔斷掉,更換RTC電池,台智卡: 04164458
2022/7/11,P20220707001,DCCIB1210018,2,嘉義客運,,張育淮,按鍵故障,按鍵異常，更換DC上蓋,與BVCIB1210119配對燒機
2022/7/11,P20220708003,DCORB2022031105,2,亞盛通運,,張育淮,USB無作用,USB異常，更換USB模組,與BVCIB20210524配對燒機
2022/7/11,P20220708004,BVKAM1440001,4,葛瑪蘭客運,,張育淮,當機卡營收,送修原因測試無異常,
2022/7/11,P20220708004,BVKAM2021102802,1,葛瑪蘭客運,,張育淮,不能刷卡,卡機KEYLOSS，更換卡機,
2022/7/11,P20220708004,DCKAM1440015,3,葛瑪蘭客運,,張育淮,(業者未寫),顯示異常，更換LCM,與BVKAM1440001配對燒機
2022/7/11,P20220708004,DCKAM20200420,1,葛瑪蘭客運,,張育淮,(業者未寫),鎖點斷裂，更換DC上蓋,與BVKAM2021102802配對燒機
2022/7/15,P20220714002,BVORB2021122805,1,亞盛通運,,張育淮,無法刷卡,送修原因測試無異常,
2022/7/15,P20220714002,DCORB2021122805,2,亞盛通運,,張育淮,無動作,DC主板二極體異常，重新更換,與BVORB2021122805配對燒機
2022/7/15,P20220714002,DCOBR2021122808,1,亞盛通運,,張育淮,有時會沒有動作,送修原因測試無異常,與BVMLB11A0025配對燒機
2022/7/22,P20220714003,BVMLB11A0090,1,苗栗客運,,張育淮,ICASH不能刷,重新燒錄程式即正常,
2022/7/15,P20220714003,BVMLB11A0025,3,苗栗客運,,張育淮,車輛行駛途中無法定位刷卡,送修原因測試無異常,
2022/7/15,P20220714003,BVMLB11A0061,2,苗栗客運,,張育淮,無法登出刷卡定位,送修原因測試無異常,
2022/7/15,P20220714003,BVMLB11A0073,3,苗栗客運,,張育淮,壞,感應度異常，更換卡機,
2022/7/15,P20220714003,BVMLB11A0132,1,苗栗客運,,張育淮,因螢幕無畫面.無法傳輸,電源異常，更換Power板,
2022/7/15,P20220714003,BVMLB11A0002,1,苗栗客運,,張育淮,啞巴機,"1.C板語音線斷.重焊語音線
2.顯示異常，更換LCM
3.LED顯示異常，更換LED板",
2022/7/15,P20220714003,BVMLB2022042501,1,苗栗客運,,張育淮,(業者未寫),代幣卡卡槽重新清潔,
2022/7/15,P20220714003,DCMLB11A0123,1,苗栗客運,,張育淮,螢幕模糊,顯示異常，更換LCM,與BVMLB11A0061配對燒機
2022/7/15,P20220714003,DCMLB11A0067,1,苗栗客運,,張育淮,螢幕過暗,顯示異常，更換LCM,與BVMLB11A0073配對燒機
2022/7/15,P20220715001,BVHCB12A0013,2,新竹客運-竹東,,張育淮,無法登入,卡槽鬆脫,
2022/7/15,P20220715001,BVHCB11B0158,2,新竹客運-竹東,,張育淮,老人卡無法刷,卡機KEYLOSS，更換卡機,
2022/7/15,P20220715001,BVHCB11B0151,1,新竹客運-竹東,,張育淮,時間歸零,顯示異常，更換LCM,
2022/7/15,P20220715001,BVHCB2019051001,1,新竹客運-竹東,,張育淮,悠遊卡老人卡無法刷,卡機KEYLOSS，更換卡機,
2022/7/15,P20220715001,BVHCB11B0056,2,新竹客運-竹東,,張育淮,無聲,C板語音線斷.重焊語音線,
2022/7/15,P20220715001,BVHCB11B0038,1,新竹客運-竹東,,張育淮,時間歸零,送修原因測試無異常,
2022/7/15,P20220715001,BVHCB11B0024,2,新竹客運-竹東,,張育淮,時間歸零,送修原因測試無異常,
2022/7/15,P20220715001,DCHCB14B0018,1,新竹客運-竹東,,張育淮,無法登出閉鎖,送修原因測試無異常,與BVHCB12A0013配對燒機
2022/7/15,P20220715001,DCHCB11B0198,1,新竹客運-竹東,,張育淮,按鍵故障,按鍵異常，更換DC上蓋,與BVHCB11B0158配對燒機
2022/7/28,P20220726005,BVORB11A0010,1,亞通客運,,張育淮,故障沒過電,"1.保險絲燒斷，更換保險絲
2.C板語音線斷.重焊語音線",
2022/7/28,P20220726005,BVORB2021033101,2,亞通客運,,張育淮,外殼破裂,更換BV上蓋,
2022/7/28,P20220726005,DCORB1350019,3,亞通客運,,張育淮,營收無法上傳,送修原因測試無異常,與BVORB11A0010配對燒機
2022/7/27,P20220727001,DCCIB1210006,1,嘉義客運,,張育淮,字幕太暗,顯示異常，更換LCM,與BVORB2021033101配對燒機
2022/7/27,P20220727001,DCCIB1210021,1,嘉義客運,,張育淮,無字幕,"1.顯示異常，更換LCM
2.GPS模組無法校正時間，更換模組
3.WiFi內天線破損，更換內天線",與BVHCB11B0212配對燒機
2022/7/27,P20220727001,DCCIB1210030,1,嘉義客運,,張育淮,確認按鍵故障,"1.按鍵異常，更換DC上蓋
2.顯示異常，更換LCM",與BVHCB11B0013配對燒機
2022/7/27,P20220727001,DCCIB1210088,1,嘉義客運,,張育淮,腳座斷掉,鎖點斷裂，更換DC下蓋,與BVHCB11B0030配對燒機
2022/7/27,P20220727001,DCCIB1210051,1,嘉義客運,,張育淮,確認鍵故障,按鍵異常，更換DC上蓋,與BVHCB11B0162配對燒機
2022/7/28,P20220727002,BVHCB11B0212,2,新竹客運-牛埔,,張育淮,GPS閉鎖,送修原因測試無異常,
2022/7/28,P20220727002,BVHCB11B0013,3,新竹客運-牛埔,,張育淮,GPS閉鎖,送修原因測試無異常,
2022/7/28,P20220727002,BVHCB11B0030,3,新竹客運-牛埔,,張育淮,無法傳輸,"1.送修原因測試無異常
2.顯示異常，更換LCM",
2022/7/28,P20220727002,BVHCB11B0162,2,新竹客運-牛埔,,張育淮,無法開機,送修原因測試無異常,
2022/7/28,P20220727002,BVHCB11B0139,1,新竹客運-牛埔,,張育淮,無法定位,"1.送修原因測試無異常
2.鎖點斷裂，更換BV上蓋",
2022/7/28,P20220727002,BVHCB11B0104,2,新竹客運-牛埔,,張育淮,無法定位,送修原因測試無異常,
2022/7/28,P20220727002,BVHCB11B0190,2,新竹客運-牛埔,,張育淮,悠遊卡不能用,卡機KEYLOSS，更換卡機,
2022/7/28,P20220727002,BVHCB11B0097,1,新竹客運-牛埔,,張育淮,無語音播報,C板語音線斷.重焊語音線,
2022/7/28,P20220727002,BVHCB11B0299,1,新竹客運-牛埔,,張育淮,沒有語音,C板語音線斷.重焊語音線,
2022/7/28,P20220727002,BVHCB11B0085,2,新竹客運-牛埔,,張育淮,電源不穩,送修原因測試無異常,
2022/7/28,P20220727002,BVHCB20190328,2,新竹客運-牛埔,,張育淮,(業者未寫),送修原因測試無異常,
2022/7/28,P20220727002,DCHCB11B0117,2,新竹客運-牛埔,,張育淮,GPS閉鎖,送修原因測試無異常,與BVHCB11B0139配對燒機
2022/7/28,P20220727002,DCHCB11B0125,1,新竹客運-牛埔,,張育淮,確認鍵壞掉,按鍵異常，更換DC上蓋,與BVHCB11B0104配對燒機
2022/7/28,P20220727002,DCHCB1340007,1,新竹客運-牛埔,,張育淮,無法定位,內部線路重新調整,與BVHCB11B0097配對燒機
2022/7/28,P20220727002,DCHCB1660003,1,新竹客運-牛埔,,張育淮,太暗,顯示異常，更換LCM,與BVHCB11B0299配對燒機
2022/8/1,P20220728001,BVHCB11B0281,1,新竹客運-楊梅,,張育淮,無聲音,C板語音線斷.重焊語音線,
2022/8/1,P20220728001,BVHCB14B0015 ,1,新竹客運-楊梅,,張育淮,無悠遊卡,卡機KEYLOSS，更換卡機,
2022/8/1,P20220728001,BVHCB11B0045 ,1,新竹客運-楊梅,,張育淮,(業者未寫),"1.GPS閉鎖，重新安裝SOM板
2.鎖點斷裂，更換BV上蓋",
2022/8/1,P20220728001,BVHCB1550005 ,1,新竹客運-楊梅,,張育淮,(業者未寫),送修原因測試無異常,
2022/8/1,P20220728001,DCHCB14B0032,2,新竹客運-楊梅,,張育淮,螢幕雪花,"1.顯示異常，更換LCM
2.按鍵異常，更換DC上蓋",與BVHCB11B0281配對燒機
2022/8/1,P20220728002,BVHCB11B0090 ,1,新竹客運-中壢,,張育淮,無語音,調整放大器音量,
2022/8/1,P20220728002,BVHCB11B0294,1,新竹客運-中壢,,張育淮,語音不完全,C板語音線斷.重焊語音線,
2022/8/1,P20220802008,BVFFC14B0026,1,汎航通運,,張育淮,(業者未寫),更換RTC電池,
2022/8/1,P20220802008,DCFFC14B0019,1,汎航通運,,張育淮,(業者未寫),按鍵異常，更換DC上蓋,與BVFFC14B0026配對燒機
2022/8/1,P20220802009,BVCHS1680009 ,1,捷順-都會南站,,張育淮,找不到刷卡機,送修原因測試無異常,
2022/8/1,P20220802010,DCCHS110082601FEP,1,捷順-豐原東站,,張育淮,螢幕亮度不足,顯示異常，更換LCM,與BVCHS1680009 配對燒機
2022/8/1,P20220803001,BVORB2022031103,1,亞盛通運,,張育淮,7/2後無刷卡資料,送修原因測試無異常,
2022/8/1,P20220803001,BVORB2021122804,2,亞盛通運,,張育淮,無法連接DC USB插槽,送修原因測試無異常,
2022/8/1,P20220803001,DCORB2022031105,2,亞盛通運,,張育淮,USB插槽無作用,"1.更換USB排線
2.無法定位，更換GPS模組",與BVORB2021122804配對燒機
2022/8/1,P20220804004,BVHCB11B0109,2,新竹客運-牛埔,,張育淮,刷卡時有無時無,"1.送修原因測試無異常
2.USB異常，更換BV電源排線",
2022/8/1,P20220804004,DCHCB11B0213,1,新竹客運-牛埔,,張育淮,無法傳輸,"1.送修原因測試無異常
2.顯示異常，更換LCM",與BVHCB11B0045 配對燒機
2022/8/1,P20220804004,DCHCB11B0067,2,新竹客運-牛埔,,張育淮,無法定位,GPS異常，更換GPS模組,與BVHCB1550005 配對燒機
2022/8/1,P20220804005,BVGOB2020090203,2,金牌客運,,張育淮,(業者未寫),更換成QR版本,
2022/8/1,P20220804005,BVGOB20190502 ,1,金牌客運,,張育淮,(業者未寫),"1.更換成QR版本
2.無法設定參數，更換SOM板",
2022/8/1,P20220804005,DCGOB2020090201 ,1,金牌客運,,張育淮,(業者未寫),"1.更改成外接GPS版本
2.鎖點斷裂，更換DC上蓋",與BVGOB2020090203配對燒機
2022/8/1,P20220804005,DCGOB1130014,2,金牌客運,,張育淮,(業者未寫),"1.更改成外接GPS版本
2.鎖點斷裂，更換DC下蓋",與BVGOB20190502 配對燒機
2022/8/1,P20220804006,BVCHS2022080401,1,捷順-桃園站,,蔡明君,卡在系統啟動中,送修原因測試無異常,
2022/8/1,P20220804006,BVCHS2022071402,1,捷順-桃園站,,張育淮,有異音,語音異常，更換放大器,
2022/8/1,P20220804006,DCCHS16C0017,1,捷順-桃園站,,蔡明君,(業者未寫),無法開機，更換DC主板,
2022/8/1,P20220808001,DCYSM1310013 ,1,科技之星,,張育淮,無法定位,送修原因測試無異常,與BVYSM2019102103 配對燒機
2022/8/1,P20220809002,BVORB2021032406,2,亞通客運,,張育淮,,,
2022/8/1,P20220809002,BVORB1350030 ,1,亞通客運,,張育淮,,,
2022/8/1,P20220809002,BVORB11A0019,1,亞通客運,,張育淮,,,
2022/8/1,P20220809003,BVYSM2019102103,2,科技之星,,張育淮,無法刷悠遊卡,"1.卡機KEYLOSS，更換卡機
2.顯示異常，更換LCM
3.C板語音線斷.重焊語音線",
2022/8/1,P20220809005,BVHCB11B0372,1,新竹客運-中壢,,張育淮,無語音,放大器電容Pad鬆脫，重新焊接,
2022/8/1,P20220809005,BVHCB11B0227,2,新竹客運-中壢,,張育淮,無法刷卡,送修原因測試無異常,
2022/8/1,P20220809005,DCHCB20220810,1,新竹客運-中壢,,張育淮,確認鍵不能按,鎖點斷裂，更換DC上蓋,與BVHCB11B0090 配對燒機
2022/8/1,P20220809006,BVHCB14B0021,2,新竹客運-牛埔,,張育淮,故障,送修原因測試無異常,
2022/8/1,P20220809006,DCHCB11B0208,2,新竹客運-牛埔,,張育淮,(業者未寫),"1.鎖點斷裂，更換DC上蓋
2.鎖點斷裂，更換DC下蓋",與BVHCB11B0294配對燒機
2022/8/12,P20220811001,BVHTT16A0008,1,豪泰客運,,張育淮,時間異常,更換RTC電池,
2022/8/12,P20220811002,BVNTC2020102104,2,台灣真好,,張育淮,(業者未寫),送修原因測試無異常,
2022/8/12,P20220811003,BVMLB11A0128,4,苗栗客運,,張育淮,故障,更換讀卡機線,
2022/8/12,P20220811003,BVMLB11A0071,1,苗栗客運,,張育淮,螢幕模糊,"1.顯示異常，更換LCM
2.C板語音線斷.重焊語音線",
2022/8/12,P20220811003,BVMLB11A0059,3,苗栗客運,,張育淮,找不到讀卡機,更換讀卡機線,
2022/8/12,P20220811003,BVMLB11A0068,1,苗栗客運,,張育淮,所有卡無法刷,送修原因測試無異常,
2022/8/12,P20220811003,DCMLB11A0009,1,苗栗客運,,張育淮,天線處之螺絲帽鬆脫,"1.螺絲帽固定
2.顯示異常，更換LCM",與BVMLB11A0128配對燒機
2022/8/12,P20220811003,DCMLB11A0096,1,苗栗客運,,張育淮,螢幕模糊，開機無法立即定位,顯示異常，更換LCM,與BVMLB11A0071配對燒機
2022/8/12,P20220811003,DCMLB11A0080,2,苗栗客運,,張育淮,按鍵無法輸入,"1.送修原因測試無異常
2.WiFi連線異常，更換WiFi模組",與BVMLB11A0059配對燒機
2022/8/12,P20220811003,DCMLB11A0034,2,苗栗客運,,張育淮,螢幕過暗,"1.顯示異常，更換LCM
2.按鍵異常，更換DC上蓋",與BVMLB11A0068配對燒機
2022/8/12,P20220811004,BVGOB2020090203,2,金牌客運,,張育淮,,,
2022/8/12,P20220811004,DCGOB1130014,2,金牌客運,,張育淮,,,
2022/8/19,P20220816004 ,BVCHS2022050501,2,捷順-都會南站,,張育淮,找不到刷卡機,送修原因測試無異常,
2022/8/19,P20220816005,BVCHS2022081601,1,捷順-豐原東站,,張育淮,無法刷代幣卡,"1.送修原因測試無異常
2.CF卡異常，更換CF卡",
2022/8/19,P20220817001,DCCIB1210158,1,嘉義客運,,張育淮,熱機時按鍵無作用.無法定位,GPS定位異常，更換GPS模組,與BVCHS2022081601配對燒機
2022/8/19,P20220817001,DCCIB1210106,1,嘉義客運,,張育淮,確認鍵故障,按鍵異常，更換DC上蓋,與BVHCB14B0015 配對燒機
2022/8/19,P20220817001,DCCIB1210049,2,嘉義客運,,張育淮,無法登出,"1.送修原因測試無異常
2.GPS時間異常，更換GPS模組",與BVCHS2022050501配對燒機
2022/8/19,P20220817001,DCCIB1210146,1,嘉義客運,,張育淮,字幕太暗,"1.顯示異常，更換LCM
2.鎖點斷裂，更換DC下蓋",與BVCHS2022081601配對燒機
2022/8/19,P20220817001,DCCIB1210098,2,嘉義客運,,張育淮,會熱當,送修原因測試無異常,與BVGOB2020073002配對燒機
2022/8/19,P20220817002,DCFFC14B0006,1,汎航通運,,張育淮,(業者未寫),按鍵異常，更換DC上蓋,與 配對燒機
2022/8/19,P20220818002,BVGOB2020073002,1,金牌客運,,張育淮,(業者未寫),CF卡異常，更換CF卡,
2022/8/19,P20220818002,BVGOB1310006,1,金牌客運,,張育淮,(業者未寫),有異音，更換音源IC,
2022/8/19,P20220818003,BVHCB11B0360 ,1,新竹客運-關西,,張育淮,不會定位,送修原因測試無異常,
2022/8/19,P20220818003,BVHCB11B0341,3,新竹客運-關西,,張育淮,語音時有時無,送修原因測試無異常,
2022/8/19,P20220818003,DCHCB11B0187 ,1,新竹客運-關西,,張育淮,傳資料時有時無,"1.送修原因測試無異常
2.GPS時間異常，更換GPS模組",與BVGOB1310006配對燒機
2022/8/19,P20220818004,DCHCB11B0242,1,新竹客運-竹東,,張育淮,(業者未寫),GPS定位異常，更換GPS模組,與BVHCB11B0360 配對燒機
2022/8/19,P20220818004,DCHCB11B0116,1,新竹客運-竹東,,張育淮,按鍵不良,按鍵異常，更換DC上蓋,與BVHCB11B0341配對燒機
2022/8/19,P20220818004,DCHCB11B0226 ,1,新竹客運-竹東,,張育淮,(業者未寫),送修原因測試無異常,與配對燒機
2022/8/25,P20220824004,BVCHS20200928,1,捷順-桃園站,,張育淮,黑機抓不到白機,送修原因測試無異常,
2022/8/25,P20220824005,BVHCB11B0171,2,新竹客運-中壢,,張育淮,找不到CF卡,CF卡測試異常，更換CF卡,
2022/8/25,P20220824005,BVHCB11B0117,2,新竹客運-中壢,,張育淮,故障,顯示異常，更換C板,
2022/8/25,P20220824005,BVHCB11B0203,2,新竹客運-中壢,,張育淮,找不到CF卡,送修原因測試無異常,
2022/8/25,P20220824005,BVHCB11B0005,1,新竹客運-中壢,,張育淮,無語音,放大器電容焊點補焊,
2022/8/25,P20220824005,BVHCB11B0014,2,新竹客運-中壢,,張育淮,無語音,送修原因測試無異常,
2022/8/29,P20220826001,BVHCB12A0008,2,新竹客運-牛埔,,張育淮,刷icash會當機,icash卡槽清潔,
2022/8/29,P20220826001,BVHCB11B0314,1,新竹客運-牛埔,,張育淮,無法刷悠遊卡,卡機KEYLOSS，更換卡機,
2022/8/29,P20220826001,BVHCB11B0193,1,新竹客運-牛埔,,張育淮,刷卡時有時無,送修原因測試無異常,
2022/8/30,P20220826002,DCFFC14B0014,1,汎航通運,,張育淮,(業者未寫),按鍵異常，更換DC上蓋,
2022/8/31,P20220824003,BVCIB1210146,1,嘉義客運,,張育淮,(業者未寫),拆除台智卡,台智卡: 04183717
2022/8/31,P20220824003,BVCIB1210083,1,嘉義客運,,張育淮,(業者未寫),拆除台智卡,台智卡: 04183654
2022/8/31,P20220824003,BVCIB1210104,1,嘉義客運,,張育淮,(業者未寫),拆除台智卡,台智卡: 04164477
2022/8/31,P20220824003,BVCIB1210047,3,嘉義客運,,張育淮,(業者未寫),拆除台智卡(無此卡),
2022/8/31,P20220824003,BVCIB1210095,2,嘉義客運,,張育淮,(業者未寫),拆除台智卡(無此卡),
2022/8/31,P20220824003,BVCIB1210112,1,嘉義客運,,張育淮,(業者未寫),拆除台智卡(無此卡),
2022/8/31,P20220824003,BVCIB1210037,1,嘉義客運,,張育淮,(業者未寫),拆除台智卡(無此卡),
2022/8/31,P20220824003,BVUBM1450025,1,嘉義客運,,張育淮,(業者未寫),"1.拆除台智卡
2.卡機KEYLOSS，更換卡機
3.蜂鳴器異常，更換Power板",台智卡: 04173362
2022/8/31,P20220824003,BVCIB1210147,1,嘉義客運,,張育淮,(業者未寫),拆除台智卡,台智卡: 04164390
2022/8/31,P20220824003,BVCIB1210142,2,嘉義客運,,張育淮,(業者未寫),拆除台智卡,台智卡: 04164426
2022/8/31,P20220824003,BVCIB1210093,3,嘉義客運,,張育淮,(業者未寫),拆除台智卡,台智卡: 04183175
2022/8/31,P20220824003,BVCIB1210106,1,嘉義客運,,張育淮,(業者未寫),"1.拆除台智卡
2.顯示異常，更換LCM",台智卡: 04183199
2022/8/31,P20220830002,BVCIB1210017,3,嘉義客運,,張育淮,(業者未寫),拆除台智卡,台智卡: 04183620
2022/8/31,P20220830002,BVCIB1210113,1,嘉義客運,,張育淮,(業者未寫),拆除台智卡,台智卡: 04183574
2022/8/31,P20220830002,BVCIB1210033,1,嘉義客運,,張育淮,(業者未寫),拆除台智卡,台智卡: 04183205
2022/8/31,P20220830002,BVCIB1210136,1,嘉義客運,,張育淮,(業者未寫),拆除台智卡,台智卡: 04183700
2022/8/31,P20220830002,BVCIB1210084,3,嘉義客運,,張育淮,(業者未寫),"1.拆除台智卡
2.顯示異常，更換LCM",台智卡: 04164420
2022/8/31,P20220830002,BVCIB1210118,2,嘉義客運,,張育淮,(業者未寫),拆除台智卡,台智卡: 04183787
2022/8/31,P20220830002,BVCIB1210046,1,嘉義客運,,張育淮,(業者未寫),拆除台智卡,台智卡: 04164368
2022/8/31,P20220830002,BVCIB1210075,1,嘉義客運,,張育淮,(業者未寫),拆除台智卡,台智卡: 04183222
2022/8/31,P20220830002,BVCIB1210114,1,嘉義客運,,張育淮,(業者未寫),拆除台智卡,台智卡: 04164432???
2022/8/31,P20220830002,BVCIB20191227,1,嘉義客運,,張育淮,(業者未寫),拆除台智卡,台智卡: 04183709
2022/8/31,P20220830002,BVCIB1210143,1,嘉義客運,,張育淮,(業者未寫),"1.拆除台智卡
2.顯示異常，更換LCM",台智卡: 04164391
2022/8/31,P20220830002,BVCIB1210048,1,嘉義客運,,張育淮,(業者未寫),拆除台智卡,台智卡: 04164374
2022/9/5,P20220901002,BVCIB1210137 ,1,嘉義客運,,張育淮,(業者未寫),拆除台智卡,台智卡: 04183223
2022/9/5,P20220901002,BVCIB1210148,4,嘉義客運,,張育淮,(業者未寫),拆除台智卡,台智卡: 04183794
2022/9/5,P20220901002,BVCIB1210005,1,嘉義客運,,張育淮,(業者未寫),拆除台智卡,台智卡: 04183666
2022/9/5,P20220901002,BVCIB1210069,2,嘉義客運,,張育淮,(業者未寫),拆除台智卡,台智卡: 04183158
2022/9/5,P20220901002,BVCIB1210099,1,嘉義客運,,張育淮,(業者未寫),拆除台智卡,台智卡: 04183759
2022/9/5,P20220901002,BVCIB1210110,2,嘉義客運,,張育淮,(業者未寫),拆除台智卡,台智卡: 04183602
2022/9/5,P20220901002,BVCIB1210027,2,嘉義客運,,張育淮,(業者未寫),拆除台智卡,台智卡: 04164473
2022/9/5,P20220901002,BVCIB1210056,1,嘉義客運,,張育淮,(業者未寫),拆除台智卡,台智卡: 04173363
2022/9/5,P20220901002,BVCIB1210063,1,嘉義客運,,張育淮,(業者未寫),拆除台智卡,台智卡: 04164441
2022/9/5,P20220901002,BVCIB1210050,2,嘉義客運,,張育淮,(業者未寫),拆除台智卡,台智卡: 04183637
2022/9/5,P20220901002,BVCIB1210041,1,嘉義客運,,張育淮,(業者未寫),拆除台智卡,台智卡: 04183698
2022/9/5,P20220901002,BVCIB1210081,1,嘉義客運,,張育淮,(業者未寫),拆除台智卡,台智卡: 04183719
2022/9/11,P20220908001,BVHTT16A0044,2,豪泰客運,,張育淮,(業者未寫),卡機KEYLOSS，更換卡機,
2022/9/11,P20220908003,BVHCB11B0140,2,新竹客運-牛埔,,張育淮,無法刷卡,"1.送修原因測試無異常
2.USB異常，美卡諾針腳歪斜",
2022/9/11,P20220908003,BVHCB12A0009,2,新竹客運-牛埔,,張育淮,傳輸時卡頓,"1.送修原因測試無異常
2.蜂鳴器(大)異常，更換Power板
3.CF卡異常，更換CF卡",
2022/9/11,P20220908003,DCHCB11B0368,1,新竹客運-牛埔,,張育淮,傳輸異常,送修原因測試無異常,與BVHCB11B0140配對燒機
2022/9/11,P20220908004,DCKAM1440029,2,葛瑪蘭客運,,張育淮,4G不穩,"1.送修原因測試無異常
2.GPS時間異常，更換GPS模組",與BVHCB12A0009配對燒機
2022/9/11,P20220908004,DCKAM1440025,1,葛瑪蘭客運,,張育淮,無4G,送修原因測試無異常,與BVHTT16A0044配對燒機
2022/9/11,P20220908004,DCKAM20190704,1,葛瑪蘭客運,,張育淮,無4G,送修原因測試無異常,
2022/9/15,P20220913002,DCORB1350004,1,亞通客運,,張育淮,天線座鬆脫上傳困難,更換WiFi內天線,與BVHCB11B0335配對燒機
2022/9/15,P20220913002,DCORB2022091301,1,亞通客運,,張育淮,螢幕淡化不亮,"1.顯示異常，更換LCM
2.鎖點斷裂，更換DC上蓋",與BVHCB11B0244配對燒機
2022/9/15,P20220913003,BVCHS2021100501,1,捷順-桃園站,,張育淮,無法定位,送修原因測試無異常,
2022/9/15,P20220913004,BVHCB11B0335,2,新竹客運-中壢,,張育淮,出現驅動程式重啟中,SOM板重新安裝,
2022/9/15,P20220913005,BVHCB11B0244,1,新竹客運-楊梅,,張育淮,無法刷卡,送修原因測試無異常,
2022/9/15,P20220913005,BVHCB20200923,1,新竹客運-楊梅,,張育淮,無法刷卡,卡機KEYLOSS，更換卡機,
2022/9/15,P20220913005,BVHCB20191227,1,新竹客運-楊梅,,張育淮,(業者未寫),C板語音線斷.重焊語音線,
2022/9/15,P20220913005,DCHCB11B0174,2,新竹客運-楊梅,,張育淮,(業者未寫),按鍵異常，更換DC上蓋,與BVHCB20200923配對燒機
2022/9/15,P20220913005,DCHCB11B0177,1,新竹客運-楊梅,,張育淮,(業者未寫),鎖點斷裂，更換DC下蓋,與BVCHS2021100501配對燒機
2022/9/14,P20220914001,BVNTC2020102104,2,台灣真好,,張育淮,開機無反應,"1.保險絲燒壞，更換即正常
2.Power板背面重新黏貼膠帶",
2022/9/15,P20220914002,DCGOB15B0011,1,金牌客運,,張育淮,黑機報修,顯示異常，更換LCM,與BVHCB20191227配對燒機
2022/9/15,P20220915002,BVYSM1310012,4,科技之星,,張育淮,無法使用悠遊卡,卡機KEYLOSS，更換卡機,
2022/9/15,P20220915002,BVYSM2019102102,3,科技之星,,張育淮,讀取不到USB,送修原因測試無異常,
2022/9/15,P20220915002,DCYSM1310010,1,科技之星,,張育淮,讀取不到USB,"1.送修原因測試無異常
2.按鍵異常，更換DC上蓋",與BVYSM2019102102配對燒機
2022/9/20,P20220919001,DCNTC2020102104,2,台灣真好,,張育淮,,,
2022/9/20,P20220920003,DCCIB1210018,2,嘉義客運,,張育淮,無法登出,送修原因測試無異常,
2022/9/20,P20220920003,DCCIB1210052,1,嘉義客運,,張育淮,字幕太暗,顯示異常，更換LCM,
2022/9/21,P20220920004,BVCHS2022092001,1,捷順-豐原東站,,張育淮,無聲音,C板語音線斷.重焊語音線,
2022/9/21,P20220920004,BVCHS2022092002,1,捷順-豐原東站,,張育淮,啞巴,C板語音線斷.重焊語音線,
2022/9/21,P20220920005,DCCHS1630003,3,捷順-都會南站,,張育淮,定位異常,送修原因測試無異常,與BVCHS2022092001配對燒機
2022/9/21,P20220920006,BVMLB11A0065,1,苗栗客運,,張育淮,刷卡時好時壞,"1.送修原因測試無異常
2.顯示異常，更換LCM",
2022/9/21,P20220920006,BVMLB2021032204,1,苗栗客運,,張育淮,會有兩個車號,送修原因測試無異常,
2022/9/21,P20220920006,BVMLB11A0034,2,苗栗客運,,張育淮,"1.GPS閉鎖
2.刷卡時好時壞","1.C板USB IC異常，更換C板
2.顯示異常，更換LCM
3.刷卡測試無異常",
2022/9/21,P20220920006,BVMLB11A0063,3,苗栗客運,,張育淮,刷卡不良，很難感應,送修原因測試無異常,
2022/9/21,P20220920006,BVMLB11A0128,4,苗栗客運,,張育淮,"1.曾經GPS閉鎖
2.刷卡時好時壞",卡機KEYLOSS，更換卡機,
2022/9/21,P20220920006,BVMLB11A0031,2,苗栗客運,,張育淮,外表的機盒已故障，合不起來,鎖點斷裂，更換BV上蓋,
2022/9/21,P20220920006,BVMLB11A0076,5,苗栗客運,,張育淮,時間1970,送修原因測試無異常,
2022/9/21,P20220920006,BVMLB2022042505,1,苗栗客運,,張育淮,(業者未寫),卡機KEYLOSS，更換卡機,
2022/9/21,P20220920006,DCMLB11A0041,1,苗栗客運,,張育淮,(業者未寫),GPS內天線鬆脫，重新鎖緊,與BVMLB11A0065配對燒機
2022/9/21,P20220920006,DCMLB11A0095,1,苗栗客運,,張育淮,螢幕過暗,顯示異常，更換LCM,與BVMLB2021032204配對燒機
2022/9/21,P20220920006,DCMLB11A0082,2,苗栗客運,,張育淮,螢幕黑黑的,顯示異常，更換LCM,與BVMLB11A0034配對燒機
2022/9/21,P20220920006,DCMLB11A0127,1,苗栗客運,,張育淮,確認按鍵破損,按鍵異常，更換DC上蓋,與BVMLB11A0063配對燒機
2022/9/21,P20220920008,BVHCB11B0153,1,新竹客運-苗栗保養場,,張育淮,"GPS閉鎖,定位不良",SOM板清潔，重新安裝後無異常,
2022/9/21,P20220920008,BVHCB11B0313,1,新竹客運-苗栗保養場,,張育淮,突然斷電，無法開機,送修原因測試無異常,
2022/9/21,P20220920008,BVHCB11B0015,1,新竹客運-苗栗保養場,,張育淮,卡片感應不良,送修原因測試無異常,
2022/9/21,P20220920008,BVHCB11B0029,1,新竹客運-苗栗保養場,,張育淮,卡片有時感應不到有時正常,送修原因測試無異常,
2022/9/21,P20220920008,BVHCB14B0016,2,新竹客運-苗栗保養場,,張育淮,定位不良,送修原因測試無異常,
2022/9/21,P20220920008,DCHCB11B0155,1,新竹客運-苗栗保養場,,張育淮,定位不良,送修原因測試無異常,與BVHCB11B0153配對燒機
2022/9/21,P20220920008,DCHCB11B0062,1,新竹客運-苗栗保養場,,張育淮,"GPS閉鎖,定位傳輸不良,螺絲鎖不緊","1.GPS異常，更換GPS模組
2.鎖點斷裂，更換DC上蓋",與BVHCB11B0313配對燒機
2022/9/23,P20220921004,DCHCB1610004,1,新竹客運-牛埔,,張育淮,"無網路連線,無傳輸",送修原因測試無異常,與BVHCB11B0015配對燒機
2022/9/23,P20220921004,DCHCB11B0202,1,新竹客運-牛埔,,張育淮,"螢幕太暗,按鍵NG",顯示異常，更換LCM,與BVHCB11B0029配對燒機
2022/9/23,P20220921004,DCHCB11B0041,1,新竹客運-牛埔,,張育淮,按鍵故障,按鍵異常，更換DC上蓋,與BVHCB14B0016配對燒機
2022/9/23,P20220921004,DCHCB11B0160,1,新竹客運-牛埔,,張育淮,傳輸異常,送修原因測試無異常,與BVYSM1310012配對燒機
2022/9/28,P20220927001,BVFFC14B0054,1,汎航通運,,張育淮,(業者未寫),灰排線鬆脫，重新安裝即正常,
2022/9/28,P20220927001,BVFFC14B0003,1,汎航通運,,張育淮,(業者未寫),顯示異常，更換LCM,
2022/9/28,P20220927001,BVFFC14B0055,1,汎航通運,,張育淮,(業者未寫),顯示異常，更換LCM,
2022/9/28,P20220927002,BVCHS2022071401,1,捷順-桃園站,,張育淮,GPS定位亂跑,"1.送修原因測試無異常
2.C板語音線斷.重焊語音線
3.iCash感應異常，SAM卡重新清潔",
2022/9/28,P20220927002,DCCHS2022071401,1,捷順-桃園站,,張育淮,GPS定位亂跑,送修原因測試無異常,與BVCHS2022071401配對燒機
2022/9/28,P20220927002,DCCHS16C0014,1,捷順-桃園站,,張育淮,確認鍵壞了,按鍵異常，更換DC上蓋,與BVFFC14B0054配對燒機
2022/9/30,P20220928002,BVCIB1210140,4,嘉義客運,,張育淮,(業者未寫),拆除台智卡,
2022/9/30,P20220928002,BVCIB1210102,1,嘉義客運,,張育淮,(業者未寫),拆除台智卡,
2022/9/30,P20220928002,BVCIB1210002,4,嘉義客運,,張育淮,(業者未寫),拆除台智卡,
2022/9/30,P20220928002,BVCIB1210158,2,嘉義客運,,張育淮,(業者未寫),拆除台智卡,
2022/9/30,P20220928002,BVCIB20190328,5,嘉義客運,,張育淮,(業者未寫),拆除台智卡,
2022/9/30,P20220928002,BVCIB1210144,2,嘉義客運,,張育淮,(業者未寫),拆除台智卡,
2022/9/30,P20220928002,BVCIB1210134,3,嘉義客運,,張育淮,(業者未寫),拆除台智卡,
2022/9/30,P20220928002,BVCIB1210059,2,嘉義客運,,張育淮,(業者未寫),拆除台智卡,
2022/9/30,P20220928002,BVCIB20190307,3,嘉義客運,,張育淮,(業者未寫),拆除台智卡,
2022/9/30,P20220928002,BVCIB1210019,2,嘉義客運,,張育淮,(業者未寫),拆除台智卡,
2022/9/30,P20220928002,BVCIB2020010902,1,嘉義客運,,張育淮,(業者未寫),拆除台智卡,
2022/9/30,P20220928002,BVCIB1210016,1,嘉義客運,,張育淮,(業者未寫),拆除台智卡,
2022/9/30,P20220930002,BVHTT16A0013,1,豪泰客運,,張育淮,檔案異常,SOM板JFFS2異常，重新燒錄Kernel,
2022/9/30,P20220930003,DCCIB1210098,2,嘉義客運,,張育淮,按鍵熱當,送修原因測試無異常,與BVHTT16A0013配對燒機
2022/10/3,P20220930009,DCKAM1440019,4,葛瑪蘭客運,,張育淮,按鍵故障,按鍵異常，更換DC上蓋,
2022/10/3,P20220930009,DCKAM1440013,2,葛瑪蘭客運,,張育淮,(業者未寫),送修原因測試無異常,
2022/10/3,P20221004002,DCMLB11A0008,1,苗栗客運,,張育淮,螢幕字自動消失要重新開機,送修原因測試無異常,與BVHCB14B0026配對燒機
2022/10/6,P20221004002,DCMLB11A0065,1,苗栗客運,,張育淮,(業者未寫),顯示異常，更換LCM,與BVHCB12A0019配對燒機
2022/10/6,P20221004003,BVGOB1680001,2,金牌客運,,張育淮,故障無聲音,送修原因測試無異常,
2022/10/6,P20221004003,DCGOB1130024,1,金牌客運,,張育淮,鎖頭壞,更換DC電源資訊線,與BVGOB1680001配對燒機
2022/10/6,P20221004004,BVCHS2022100401,1,捷順-桃園站,,張育淮,悠遊卡無法刷下車，便特許上車,SOM板參數修正,
2022/10/6,P20221004004,DCCHS16C0015,1,捷順-桃園站,,張育淮,確認鍵故障,按鍵異常，更換DC上蓋,
2022/10/6,P20221004005,BVHCB11B0229,1,新竹客運-牛埔,,張育淮,不能刷卡,送修原因測試無異常,
2022/10/6,P20221004005,BVHCB14B0026,3,新竹客運-牛埔,,張育淮,有時不能刷卡,送修原因測試無異常,
2022/10/6,P20221004005,BVHCB12A0019,1,新竹客運-牛埔,,張育淮,刷卡機故障,卡機異常，更換卡機,
2022/10/6,P20221004005,DCHDCB11B0161,1,新竹客運-牛埔,,張育淮,無法定位,送修原因測試無異常,與BVHCB11B0229配對燒機
2022/10/6,P20221004006,BVHCB14B0006,1,新竹客運,,張育淮,過卡機,"1.更新現行程式
2.卡機異常，更換卡機",
2022/10/6,P20221004006,DCHCB2022100401,1,新竹客運,,張育淮,(業者未寫),送修原因測試無異常,與BVHCB14B0006配對燒機
2022/10/6,P20221005003,BVCHS2022100501,1,捷順-豐原東站,,張育淮,刷卡無聲音,C板語音線斷.重焊語音線,
2022/10/6,P20221006001,BVORB2022031109,4,亞盛通運,,張育淮,無螢幕顯示,灰排線鬆脫，保險絲燒斷,
2022/10/6,P20221006001,DCORB2022031109,3,亞盛通運,,張育淮,無螢幕顯示,顯示異常，更換LCM,與BVORB2022031109配對燒機
2022/10/6,P20221007001,DCCIB1210135,1,嘉義客運,,張育淮,會熱當.按鍵都沒反應,送修原因測試無異常,
2022/10/13,P20221011001,BVYSM2022010604,1,科技之星,,張育淮,無悠卡,卡機KEYLOSS，更換卡機,
2022/10/13,P20221011001,BVYSM2022010605,1,科技之星,,張育淮,會一直重複開關機,送修原因測試無異常,
2022/10/13,P20221011001,DCYSM1310002,2,科技之星,,張育淮,確認鍵壞掉,"1.按鍵異常，更換DC上蓋
2.鎖點斷裂，更換DC下蓋
3.更換WiFi內天線",與BVYSM2022010604配對燒機
2022/10/13,P20221011001,DCYSM2022010605,1,科技之星,,張育淮,會一直重複開關機,送修原因測試無異常,與BVYSM2022010605配對燒機
2022/10/13,P20221011001,DCYSM2020081101,2,科技之星,,張育淮,讀取不到USB,送修原因測試無異常,與BVHCB14B0034配對燒機
2022/10/13,P20221012001,BVHCB14B0034,1,新竹客運-牛埔,,張育淮,會當機,送修原因測試無異常,
2022/10/13,P20221012001,BVHCB11B0020,1,新竹客運-牛埔,,張育淮,無法傳輸,USB Port 重新清潔,
2022/10/13,P20221012001,BVHCB11B0330,1,新竹客運-牛埔,,張育淮,跳站,送修原因測試無異常,
2022/10/13,P20221012001,DCHCB11B0196,3,新竹客運-牛埔,,張育淮,刷卡機閉鎖,送修原因測試無異常,與BVHCB11B0020配對燒機
2022/10/13,P20221012002,BVHCB11B0115,2,新竹客運-中壢,,張育淮,無法感應,送修原因測試無異常,
2022/10/13,P20221012002,BVHCB2022101201,1,新竹客運-中壢,,張育淮,無法連線,送修原因測試無異常,
2022/10/13,P20221012002,DCHCB12A0023,1,新竹客運-中壢,,張育淮,無背光,"1.顯示異常，更換LCM
2.鎖點斷裂，更換DC下蓋",與BVHCB11B0330配對燒機
2022/10/13,P20221012002,DCHCB11B0077,1,新竹客運-中壢,,張育淮,未定位,送修原因測試無異常,與BVHCB11B0115配對燒機
2022/10/13,P20221012003,BVORB1320003,3,亞盛通運,,張育淮,斷電時間長時間跑掉,"1.更新主程式
2.卡機KEYLOSS，更換卡機",
2022/10/13,P20221012003,BVORB2021020302,1,亞通客運,,張育淮,刷卡刷一刷會當機,送修原因測試無異常,
2022/10/13,P20221012003,DCORB1350019,3,亞通客運,,張育淮,營收資料無法上傳,"1.更換USB板
2.更換WiFi板",與BVORB2022031109配對燒機
2022/10/17,P20221014001,BVNTC2020102101,1,台灣真好,,張育淮,是上次設備 這次換USB一直無法讀取 已嘗試數顆一樣,更換C板,
2022/10/17,P20221014001,DCNTC2020102104,2,台灣真好,,張育淮,是上次設備 這次換USB一直無法讀取 已嘗試數顆一樣,更換WiFi板,
2022/10/18,P20221017002,DCHCB11B0219,1,佛光大學,,張育淮,(業者未寫),送修原因測試無異常,
2022/10/19,P20221018005,DCHCB11B0002,1,新竹客運-關西,,張育淮,確認,按鍵異常，更換DC上蓋,
2022/10/19,P20221018005,DCHCB11B0172,2,新竹客運-關西,,張育淮,天線,WiFi天線座鬆脫，重新固定,
2022/10/19,P20221018005,DCHCB11B0292,1,新竹客運-關西,,張育淮,沒有背光,顯示異常，更換LCM,
2022/10/19,P20221018006,DCHCB11B0334,2,新竹客運-楊梅,,張育淮,(業者未寫),送修原因測試無異常,
2022/10/25,P20221021001,DCKAM20200325,2,葛瑪蘭客運,,張育淮,USB抓不到,送修原因測試無異常,
2022/10/26,P20221024001,BVHTT16A0047,1,豪泰客運,,張育淮,時間跳到1月1號,"1.SOM板壞塊，重灌Kernel
2.更換RTC電池",
2022/10/26,P20221025002,DCCHS1620001,1,捷順-都會南站,,張育淮,NG,送修原因測試無異常,
2022/10/26,P20221025002,DCCHS1630011,2,捷順-都會南站,,張育淮,NG,送修原因測試無異常,
2022/10/28,P20221027001,BVGOB20190410,1,金牌客運,,張育淮,(業者未寫),"1.語音異常，焊濾波電容
2.讀卡機螺絲鬆脫，重新鎖上",
2022/10/28,P20221027001,BVGOB1310013,2,金牌客運,,張育淮,接觸不良,SOM板重新清潔,
2022/10/28,P20221027001,BVGOB1310008,1,金牌客運,,張育淮,(業者未寫),"1.BV壓克力片脫落，重新黏貼
2.C板語音線斷.重焊語音線",
2022/10/28,P20221028003,BVFFC14B0013,2,汎航通運,,張育淮,閉鎖,,
2022/10/28,P20221028003,BVFFC14B0036,2,汎航通運,,張育淮,(業者未寫),送修原因測試無異常,
2022/10/28,P20221028004,DCKAM1440015,3,葛瑪蘭客運,,張育淮,(業者未寫),送修原因測試無異常,
2022/10/28,P20221028004,DCKAM1440019,4,葛瑪蘭客運,,張育淮,按鍵按3變2，取消鍵變0,重新貼上按鍵貼紙,
2022/10/28,P20221028004,DCKAM1440007,2,葛瑪蘭客運,,張育淮,螢幕太黑,送修原因測試無異常,
2022/11/3,P20221102002,BVGOB1310009,2,金牌客運,,張育淮,(業者未寫),更換RTC電池,
2022/11/3,P20221102002,DCGOB1680003,1,金牌客運,,張育淮,(業者未寫),按鍵異常，更換DC上蓋,與BVGOB1310009配對燒機
2022/11/4,P20221103002,BVMLB11A0076,5,苗栗客運,,張育淮,有聲音沒螢幕,送修原因測試無異常,
2022/11/4,P20221103002,BVMLB11A0081,2,苗栗客運,,張育淮,刷卡機故障,悠遊卡KEYLOSS，更換卡機,
2022/11/4,P20221103002,BVMLB11A0089,2,苗栗客運,,張育淮,找不到CF卡,"1.CF卡鬆脫
2.鎖點斷裂，更換BV上蓋",
2022/11/4,P20221103002,BVMLB11A0054,1,苗栗客運,,張育淮,卡種悠遊卡無法刷,送修原因測試無異常,
2022/11/4,P20221103002,BVMLB11A0080,2,苗栗客運,,張育淮,卡機會重啟,,
2022/11/4,P20221103002,BVMLB11A0115,3,苗栗客運,,張育淮,無法登入.999不行,參數檔異常,
2022/11/4,P20221103002,BVMLB11A0015,3,苗栗客運,,張育淮,悠遊卡完全無法交易,悠遊卡KEYLOSS，更換卡機,
2022/11/4,P20221103002,BVMLB11A0047,1,苗栗客運,,張育淮,"1.愛金卡、一卡通不好感應
2.LCM暗","1.卡機異常，更換卡機
2.顯示異常，更換LCM
3.SOM板出現JFFS2，重新燒錄kernel",
2022/11/4,P20221103002,BVMLB11A0123,2,苗栗客運,,張育淮,所有卡不能刷,悠遊卡KEYLOSS，更換卡機,
2022/11/4,P20221103002,BVMLB11A0038,1,苗栗客運,,張育淮,悠遊卡不能刷,悠遊卡KEYLOSS，更換卡機,
2022/11/4,P20221103002,DCMLB11A0061,1,苗栗客運,,張育淮,(業者未寫),送修原因測試無異常,與BVMLB11A0076配對燒機
2022/11/4,P20221103002,DCMLB11A0102,1,苗栗客運,,張育淮,字幕模糊,顯示異常，更換LCM,
2022/11/4,P20221103002,DCMLB11A0037,2,苗栗客運,,張育淮,無法定位,時間異常，更換GPS板,
2022/11/4,P20221103002,DCMLB11A0080,2,苗栗客運,,張育淮,GPS閉鎖,送修原因測試無異常,
2022/11/4,P20221103002,DCMLB11A0043,1,苗栗客運,,張育淮,無法傳輸,送修原因測試無異常,
2022/11/4,P20221103003,BVHCB13A0005,1,新竹客運-牛埔,,張育淮,沒有語音,C板語音線斷.重焊語音線,
2022/11/4,P20221103003,BVHCB11B0341,3,新竹客運-牛埔,,張育淮,無法正常啟動,送修原因測試無異常,
2022/11/4,P20221103003,DCHCB1550009,1,新竹客運-牛埔,,張育淮,無法定位,USB異常，更換USB板,與BVHCB13A0005配對燒機
2022/11/4,P20221103003,DCHCB11B0344,1,新竹客運-牛埔,,張育淮,閉鎖,USB異常，更換USB板,與BVHCB11B0341配對燒機
2022/11/8,P20221107002,BVHTT16A0031,1,豪泰客運,,張育淮,找不到讀卡機,卡機異常，更換卡機,
2022/11/8,P20221107001,DCCIB1210075,1,嘉義客運,,張育淮,螺絲孔斷掉,鎖點斷裂，更換DC下蓋,
2022/11/8,P20221107001,DCCIB2022110701,1,嘉義客運,,張育淮,按鍵故障,"1.按鍵異常，更換DC上蓋
2.時間異常，更換GPS板",
2022/11/14,P20221108005,BVORB1320003,3,亞盛通運,,張育淮,讀卡機檢查中.無法登入使用,台智卡接觸不良，重新清潔正常,
2022/11/14,P20221108005,BVORB2021032405,1,亞通客運,,張育淮,語音卡.異常(雜音小聲),C板語音線斷.重焊語音線,
2022/11/14,P20221108005,BVORB1320001,3,亞通客運,,張育淮,悠遊卡無法刷卡,悠遊卡KEYLOSS，更換卡機,
2022/11/14,P20221108005,BVORB11A0018,1,亞通客運,,張育淮,語音卡.異常(雜音小聲),C板語音線斷.重焊語音線,
2022/11/14,P20221108005,BVORB11A0011,1,亞通客運,,張育淮,不過電，營收未上傳,送修原因測試無異常,
2022/11/9,P20221109002,BVYSM2020081104,1,科技之星,,張育淮,會一直當機,SOM板重新清潔安裝,
2022/11/9,P20221109002,BVYSM2019102104,2,科技之星,,張育淮,找不到讀卡機,"1.C版讀卡機電晶體異常，更換電晶體
2.SOM板出現JFFS2，重新燒錄kernel
3.顯示異常，更換LCM",
2022/11/9,P20221109002,BVYSM1310004,1,科技之星,,張育淮,無法下載營收,SOM板出現JFFS2，重新燒錄kernel,
2022/11/9,P20221109002,DCYSM2020081104,1,科技之星,,張育淮,無法下載營收,WiFi內天線重新鎖緊,
2022/11/9,P20221109002,DCYSM20200113,2,科技之星,,張育淮,USB接口損壞,更換USB板,
2022/11/9,P20221109002,DCYSM1310009,1,科技之星,,張育淮,無法下載營收,送修原因測試無異常,
2022/11/14,P20221114002,DCCIB1210093,1,嘉義客運,,張育淮,WiFi傳輸異常,1.WiFi內天線鬆脫，重新鎖緊2.GPS內天線鬆脫，重新鎖緊,
2022/11/14,P20221114002,DCCIB1210037,1,嘉義客運,,張育淮,GPS定位很慢,送修原因測試無異常,
2022/11/14,P20221110001,DCKAM1440021,3,葛瑪蘭客運,,張育淮,數字鍵故障,按鍵異常，更換DC上蓋,
2022/11/24,P20221115001,BVHCB20200227,1,新竹客運-竹東,,張育淮,老人卡不能刷,悠遊卡KEYLOSS，更換卡機,
2022/11/24,P20221115001,DCHCB11B0090,2,新竹客運-竹東,,張育淮,無法登出,送修原因測試無異常,
2022/11/24,P20221115001,DCHCB14B0028,1,新竹客運-竹東,,張育淮,無法定位,,
2022/11/24,P20221115001,DCHCB11B0365,2,新竹客運-竹東,,張育淮,無法傳輸,,
2022/11/24,P20221116001,BVHCB11B0357,1,新竹客運-關西,,張育淮,沒電,更換保險絲,
2022/11/24,P20221116001,BVHCB11B0224,1,新竹客運-關西,,張育淮,直接進入系統,更改駕員識別設定,
2022/11/24,P20221116001,DCHCB13A0006,2,新竹客運-關西,,張育淮,確認鍵有時沒反應,按鍵異常，更換DC上蓋,
2022/11/17,P20221116002,BVHTT2020102002,1,豪泰客運,,張育淮,10/28起沒有即時交易,部分即時交易檔案損壞，刪除後正常,
2022/11/17,P20221116005,BVHCB11B0254,1,新竹客運-苗栗保養場,,張育淮,悠遊卡不能刷,悠遊卡KEYLOSS，更換卡機,
2022/11/17,P20221116005,BVHCB11B0338,1,新竹客運-苗栗保養場,,張育淮,喇叭無聲,放大器音量重新調整,
2022/11/17,P20221116005,BVHCB11B0342,1,新竹客運-苗栗保養場,,張育淮,卡片感應不良,送修原因測試無異常,
2022/11/17,P20221116005,BVHCB11B0231,1,新竹客運-苗栗保養場,,張育淮,刷icash卡有時候會當機,"1.icash卡槽清潔
2.C板固定支架鬆脫，重新鎖緊",
2022/11/17,P20221116005,BVHCB20190410,2,新竹客運-苗栗保養場,,張育淮,定位不良.無法傳輸,美卡諾連接座USB重新清潔固定,
2022/11/17,P20221116005,DCHCB1550010,1,新竹客運-苗栗保養場,,張育淮,定位不良,送修原因測試無異常,
2022/11/17,P20221116005,DCHCB11B0304,1,新竹客運-苗栗保養場,,張育淮,無背光,顯示異常，更換LCM,
2022/11/18,P20221117003,DCCIB1210083,2,嘉義客運,,張育淮,無法登出,送修原因測試無異常,
2022/11/17,P20221116006,BVCHS20190429 ,1,捷順-豐原東站,,張育淮,故障,送修原因測試無異常,
2022/11/22,P20221121001,BVSHO2022032101,1,世豪通運,,張育淮,無法開機,放大器電源短路，更換放大器,
2022/11/22,P20221121001,BVSHO2022032108,1,世豪通運,,張育淮,無法開機,USB異常，更換C板,
2022/11/22,P20221122001,BVYSM1310012,4,科技之星,,張育淮,(業者未寫),"1.5V異常，更換C板
2.USB異常，更換SOM板
2.更換美卡諾電源線",
2022/11/22,P20221122001,BVYSM1310002,2,科技之星,,張育淮,(業者未寫),悠遊卡KEYLOSS，更換卡機,
2022/11/24,P20221122002,BVORB2021032406,2,亞通客運,,張育淮,有異音(車上),C板語音線斷.重焊語音線,
2022/11/24,P20221122002,DCORB2021020801,1,亞通客運,,張育淮,螢幕淡化,顯示異常，更換LCM,
2022/11/25,P20221125002,DCCIB1210151,2,嘉義客運,,張育淮,GPS閉鎖.無法登出,送修原因測試無異常,
2022/11/25,P20221125002,DCCIB1210038,1,嘉義客運,,張育淮,登出困難,送修原因測試無異常,
2022/11/25,P20221125003,BVCHS2022112501,1,雲林客運,,張育淮,無法感應悠遊卡,悠遊卡KEYLOSS，更換卡機,
2022/11/25,P20221125005,DCKAM20201111,3,葛瑪蘭客運,,張育淮,無4G,送修原因測試無異常,
2022/11/25,P20221125005,DCKAM1440019,4,葛瑪蘭客運,,張育淮,(業者未寫),按鍵異常，更換DC上蓋,
2022/11/28,P20221128001,BVHTT16A0044,2,豪泰客運,,張育淮,沒有即時交易,部分即時交易檔案損壞，刪除後正常,
2022/11/29,P20221129002,BVCIB1210103,2,嘉義客運,,張育淮,讀卡機異常,卡機卡槽未壓緊,
2022/11/29,P20221129004 ,BVORB1320008,3,亞盛通運,,張育淮,悠遊卡比對失敗,悠遊卡KEYLOSS，更換卡機,
2022/11/29,P20221129004 ,BVORB2022031109,4,亞盛通運,,張育淮,無法開機,送修原因測試無異常,
2022/12/1,P20221130001,DCGOB2020081802,1,金牌客運,,張育淮,(業者未寫),按鍵異常，更換DC上蓋,
2022/12/1,P20221130001,DCGOB1610002,1,金牌客運,,張育淮,(業者未寫),"1.按鍵異常，更換DC上蓋
2.更換DC資訊線",
2022/12/1,P20221130002,BVMLB11A0082,2,苗栗客運,,張育淮,悠遊卡不能刷,"1.悠遊卡KEYLOSS，更換卡機
2.語音異常，更換喇叭",
2022/12/1,P20221130002,DCMLB11A0068,1,苗栗客運,,張育淮,螢幕模糊,"1.顯示異常，更換LCM
2.GPS異常，更換GPS模組",
2022/12/1,P20221130002,DCMLB11A0013,2,苗栗客運,,張育淮,無法傳輸,送修原因測試無異常,
2022/12/1,P20221130002,DCMLB11A0103,2,苗栗客運,,張育淮,(業者未寫),鎖點斷裂，更換DC後蓋,
2022/12/1,P20221130002,DCMLB11A0118,1,苗栗客運,,張育淮,(業者未寫),送修原因測試無異常,
2022/12/1,P20221130002,DCMLB11A0011,1,苗栗客運,,張育淮,(業者未寫),送修原因測試無異常,
2022/12/9,P20221201002,BVCHS16C0005,1,捷順-都會南站,,張育淮,無法刷卡,悠遊卡KEYLOSS，更換卡機,
2022/12/9,P20221201002,DCCHS1630012,2,捷順-都會南站,,張育淮,亮度不足,顯示異常，更換LCM,
2022/12/9,P20221201003,DCCHS20221201,1,捷順-豐原東站,,張育淮,(業者未寫),送修原因測試無異常,
2022/12/9,P20221201003,DCCHS2021112302,2,捷順-豐原東站,,張育淮,螢幕顯示不完全,顯示異常，更換LCM,
2022/12/9,P20221202004,DCKAM1440012,1,葛瑪蘭客運,,張育淮,GPS閉鎖,送修原因測試無異常,
2022/12/9,P20221202004,DCKAM1440028,1,葛瑪蘭客運,,張育淮,數字鍵123故障,"1.按鍵異常，更換DC上蓋
2.顯示異常，更換LCM",
2022/12/9,P20221207002,BVHCB11B0339,1,新竹客運-楊梅,,張育淮,(業者未寫),顯示異常，更換LCM,
2022/12/9,P20221207002,BVHCB11B0239,1,新竹客運-楊梅,,張育淮,無法傳輸,送修原因測試無異常,
2022/12/9,P20221207002,DCHCB14B0033,1,新竹客運-楊梅,,張育淮,(業者未寫),按鍵異常，更換DC上蓋,
2022/12/9,P20221207003,BVHCB11B0280,1,新竹客運-竹東,,張育淮,無法刷卡,送修原因測試無異常,
2022/12/9,P20221207003,DCHCB11B0273,1,新竹客運-竹東,,張育淮,不能定位傳輸,送修原因測試無異常,
2022/12/15,P20221213001,BVHCB11B0031,1,新竹客運-關西,,張育淮,GPS閉鎖,,
2022/12/15,P20221213001,DCHCB20200526,1,新竹客運-關西,,張育淮,不會傳資料,送修原因測試無異常,
2022/12/15,P20221213002,DCKAM1440006,2,葛瑪蘭客運,,張育淮,(業者未寫),送修原因測試無異常,
2022/12/15,P20221213002,DCKAM20201111,3,葛瑪蘭客運,,張育淮,gps收不到,送修原因測試無異常,
2022/12/15,P20221214001,DCHCB11B0231,2,新竹客運-竹東,,張育淮,無法傳輸,送修原因測試無異常,
2022/12/15,P20221214001,DCHCB11B0164,1,新竹客運-竹東,,張育淮,按鍵故障,按鍵異常，更換DC上蓋,
2022/12/15,P20221214002,BVHCB11B0014,2,新竹客運-湖口,,張育淮,無法傳輸,送修原因測試無異常,
2022/12/17,P20221216002,BVMLB11A0021,2,苗栗客運,,張育淮,悠遊卡不能刷，一卡通要刷好幾次才過,"1.送修原因測試無異常
2.USB異常，更換C板",
2022/12/17,P20221216002,BVMLB11A0088,1,苗栗客運,,張育淮,無畫面.無法傳輸.無法定位,"1.顯示異常，更換LCM
2.無法開機，更換SOM板",
2022/12/17,P20221216002,BVMLB11A0102,2,苗栗客運,,張育淮,找不到CF卡,送修原因測試無異常,
2022/12/17,P20221216002,DCMLB11A0129,2,苗栗客運,,張育淮,按鍵故障,按鍵異常，更換DC上蓋,
2022/12/17,P20221216002,DCMLB11A0014,1,苗栗客運,,張育淮,螢幕暗,顯示異常，更換LCM,
2022/12/20,P20221219001,BVGOB1310023,1,金牌客運,,張育淮,壞的,悠遊卡KEYLOSS，更換卡機,
2022/12/20,P20221219001,BVGOB1570003,1,金牌免巴,,張育淮,(業者未寫),,
2022/12/22,P20221221003,BVKAM1440010,1,葛瑪蘭客運,,張育淮,改QR,改QR,
2022/12/22,P20221221003,BVKAM1440006,1,葛瑪蘭客運,,張育淮,改QR,改QR,
2022/12/22,P20221222001,BVYSM1310012,4,科技之星,,張育淮,有異音，無法開機,送修原因測試無異常,
2022/12/22,P20221222001,BVYSM2019102103,2,科技之星,,張育淮,卡片不易感應,送修原因測試無異常,
2022/12/28,P20221227001,BVNTC2022102101,2,台灣真好,,張育淮,(業者未寫),無法讀取USB，更換C板,
2022/12/28,P20221226002,BVHCB11B0350 ,1,新竹客運-牛埔,,張育淮,無法開機,電源異常，更換保險絲,
2022/12/28,P20221226002,BVHCB11B0123,1,新竹客運-牛埔,,張育淮,無法傳輸,送修原因測試無異常,
2022/12/28,P20221226002,BVHCB11B0029 ,1,新竹客運-牛埔,,張育淮,刷卡機讀取異常,送修原因測試無異常,
2022/12/28,P20221226002,BVHCB11B0211,2,新竹客運-牛埔,,張育淮,(業者未寫),悠遊卡KEYLOSS，更換悠遊SAM卡,
2022/12/28,P20221226002,BVHCB11B0189,1,新竹客運-牛埔,,張育淮,悠遊卡不能刷,悠遊卡KEYLOSS，更換悠遊SAM卡,
2022/12/28,P20221226002,DCHCB11B0034,2,新竹客運-牛埔,,張育淮,螢幕不好,"1.顯示異常，更換LCM
2.鎖點斷裂，更換DC上蓋",
2022/12/28,P20221226002,DCHCB11B0253 ,1,新竹客運-牛埔,,張育淮,無法定位,送修原因測試無異常,
2022/12/28,P20221227001,BVNTC2022102101,2,台灣真好,,張育淮,(業者未寫),悠遊卡KEYLOSS，更換卡機,
2022/12/28,P20221228001,BVFFC14B0059,2,汎航通運,,張育淮,(業者未寫),JFFS2 Err，更換SOM板,
2022/12/28,P20221228001,BVFFC14B0049,2,汎航通運,,張育淮,(業者未寫),送修原因測試無異常,
2022/12/28,P20221228001,BVFFC14B0042,2,汎航通運,,張育淮,悠遊卡刷不過,悠遊卡KEYLOSS，更換卡機,
2022/12/28,P20221228001,BVFFC14B0022,1,汎航通運,,張育淮,(業者未寫),送修原因測試無異常,
2022/12/28,P20221228001,BVFFC14B0068,1,汎航通運,,張育淮,外螢幕不清楚,更換BV上蓋,
2022/12/28,P20221228001,BVFFC14B0025,2,汎航通運,,張育淮,(業者未寫),送修原因測試無異常,
2022/12/28,P20221230001,DCCIB1210004,1,嘉義客運,,張育淮,GPS不定位,送修原因測試無異常,
2022/12/28,P20221230002,BVORB1320001,3,亞通客運,,張育淮,找不到讀卡機,JFFS2 Err，更換SOM板,
